movie_name,watch_link,date_added,site_rank
Avengers: Endgame,https://fmovies.to/film/avengers-endgame.xjm5v,2020-07-15,1
Avengers: Infinity War,https://fmovies.to/film/avengers-infinity-war.z12k2,2020-07-15,3
Aquaman,https://fmovies.to/film/aquaman.qk91j,2020-07-15,4
Spider-Man: Far from Home,https://fmovies.to/film/spider-man-far-from-home.lrpv3,2020-07-15,5
Aladdin,https://fmovies.to/film/aladdin.z10p2,2020-07-15,6
Captain Marvel,https://fmovies.to/film/captain-marvel.v56r7,2020-07-15,7
The Lion King,https://fmovies.to/film/the-lion-king.mv248,2020-07-15,8
Fast & Furious Presents: Hobbs & Shaw,https://fmovies.to/film/fast-furious-presents-hobbs-shaw.jpjvn,2020-07-15,9
Venom,https://fmovies.to/film/venom.v5z07,2020-07-15,10
John Wick: Chapter 3 - Parabellum,https://fmovies.to/film/john-wick-chapter-3-parabellum.6v24z,2020-07-15,11
Deadpool 2,https://fmovies.to/film/deadpool-2.0r7o3,2020-07-15,12
Joker,https://fmovies.to/film/joker.8x2no,2020-07-15,13
Shazam!,https://fmovies.to/film/shazam.8noxn,2020-07-15,14
Men in Black: International,https://fmovies.to/film/men-in-black-international.72m3y,2020-07-15,15
Toy Story 4,https://fmovies.to/film/toy-story-4.rwmnm,2020-07-15,17
Black Panther,https://fmovies.to/film/black-panther.8npqn,2020-07-15,18
Incredibles 2,https://fmovies.to/film/incredibles-2.5kj1m,2020-07-15,19
Spider-Man: Into the Spider-Verse,https://fmovies.to/film/spider-man-into-the-spider-verse.oor5j,2020-07-15,20
Jumanji: Welcome to the Jungle,https://fmovies.to/film/jumanji-welcome-to-the-jungle.rj9qq,2020-07-15,22
Godzilla: King of the Monsters,https://fmovies.to/film/godzilla-king-of-the-monsters.8n6yy,2020-07-15,23
Justice League,https://fmovies.to/film/justice-league.37xlr,2020-07-15,24
Alita: Battle Angel,https://fmovies.to/film/alita-battle-angel.rjp5q,2020-07-15,25
Ant-Man and the Wasp,https://fmovies.to/film/ant-man-and-the-wasp.37zl6,2020-07-15,26
Glass,https://fmovies.to/film/glass.woxzo,2020-07-15,27
X-Men: Dark Phoenix,https://fmovies.to/film/x-men-dark-phoenix.npnk8,2020-07-15,28
Bumblebee,https://fmovies.to/film/bumblebee.4jp8m,2020-07-15,29
Thor: Ragnarok,https://fmovies.to/film/thor-ragnarok.qk7w5,2020-07-15,30
Us,https://fmovies.to/film/us.1r06x,2020-07-15,31
It Chapter Two,https://fmovies.to/film/it-chapter-two.lrrxn,2020-07-15,32
Ralph Breaks the Internet,https://fmovies.to/film/ralph-breaks-the-internet.6vr99,2020-07-15,33
Jurassic World: Fallen Kingdom,https://fmovies.to/film/jurassic-world-fallen-kingdom.wozv4,2020-07-15,34
Fifty Shades Freed,https://fmovies.to/film/fifty-shades-freed.29jz5,2020-07-15,35
Hellboy,https://fmovies.to/film/hellboy.0r5yr,2020-07-15,36
The Mandalorian,https://fmovies.to/film/the-mandalorian.591v0,2020-07-15,37
How to Train Your Dragon: The Hidden World,https://fmovies.to/film/how-to-train-your-dragon-the-hidden-world.xjy8w,2020-07-15,38
Creed II,https://fmovies.to/film/creed-ii.pjv69,2020-07-15,39
The Equalizer 2,https://fmovies.to/film/the-equalizer-2.wo4n6,2020-07-15,40
Dragon Ball Super,https://fmovies.to/film/dragon-ball-super.887v,2020-07-15,41
The Secret Life of Pets 2,https://fmovies.to/film/the-secret-life-of-pets-2.w599k,2020-07-15,43
Angel Has Fallen,https://fmovies.to/film/angel-has-fallen.rw3yq,2020-07-15,45
Night School,https://fmovies.to/film/night-school.kk6y4,2020-07-15,46
The Meg,https://fmovies.to/film/the-meg.4j597,2020-07-15,47
Chernobyl,https://fmovies.to/film/chernobyl.xjwjq,2020-07-15,48
Jumanji: The Next Level,https://fmovies.to/film/jumanji-the-next-level.0q9q7,2020-07-15,49
Fantastic Beasts: The Crimes of Grindelwald,https://fmovies.to/film/fantastic-beasts-the-crimes-of-grindelwald.l3qj3,2020-07-15,50
Ready Player One,https://fmovies.to/film/ready-player-one.1rrkv,2020-07-15,51
Shaft,https://fmovies.to/film/shaft.8xkp3,2020-07-15,52
Pokémon Detective Pikachu,https://fmovies.to/film/pokemon-detective-pikachu.pj3yx,2020-07-15,53
Terminator: Dark Fate,https://fmovies.to/film/terminator-dark-fate.qnzmw,2020-07-15,54
Mission: Impossible - Fallout,https://fmovies.to/film/mission-impossible-fallout.z14q2,2020-07-15,55
Bohemian Rhapsody,https://fmovies.to/film/bohemian-rhapsody.yk7mj,2020-07-15,56
It,https://fmovies.to/film/it.5kkom,2020-07-15,57
John Wick: Chapter 2,https://fmovies.to/film/john-wick-chapter-2.jvy9n,2020-07-15,58
Euphoria,https://fmovies.to/film/euphoria.2p240,2020-07-15,59
The Boys,https://fmovies.to/film/the-boys.90ovx,2020-07-15,61
What Men Want,https://fmovies.to/film/what-men-want.pj0k6,2020-07-15,62
Frozen II,https://fmovies.to/film/frozen-ii.0q0wr,2020-07-15,63
The Predator,https://fmovies.to/film/the-predator.v5l96,2020-07-15,64
Annabelle Comes Home,https://fmovies.to/film/annabelle-comes-home.k3o84,2020-07-15,65
Skyscraper,https://fmovies.to/film/skyscraper.xjq7q,2020-07-15,66
Spider-Man: Homecoming,https://fmovies.to/film/spider-man-homecoming.520k0,2020-07-15,67
Brightburn,https://fmovies.to/film/brightburn.pj38q,2020-07-15,68
Gemini Man,https://fmovies.to/film/gemini-man.mvjmx,2020-07-15,70
The Nun,https://fmovies.to/film/the-nun.jjyo3,2020-07-15,71
After,https://fmovies.to/film/after.7wnyy,2020-07-15,72
Suicide Squad,https://fmovies.to/film/suicide-squad.o12j,2020-07-15,73
Ma,https://fmovies.to/film/ma.ox9o8,2020-07-15,74
Fifty Shades Darker,https://fmovies.to/film/fifty-shades-darker.028w7,2020-07-15,76
Ocean's 8,https://fmovies.to/film/oceans-8.l37lm,2020-07-15,77
Robin Hood,https://fmovies.to/film/robin-hood.mqpmz,2020-07-15,78
Harry Potter And The Sorcerer's Stone,https://fmovies.to/film/harry-potter-and-the-sorcerers-stone.kwww,2020-07-15,80
A Madea Family Funeral,https://fmovies.to/film/a-madea-family-funeral.0rz79,2020-07-15,81
Rampage,https://fmovies.to/film/rampage.nr5ok,2020-07-15,82
Crawl,https://fmovies.to/film/crawl.mv2y8,2020-07-15,83
Rambo: Last Blood,https://fmovies.to/film/rambo-last-blood.qnnpw,2020-07-15,84
Fifty Shades Of Grey,https://fmovies.to/film/fifty-shades-of-grey.vxz2,2020-07-15,85
Dumbo,https://fmovies.to/film/dumbo.8nonn,2020-07-15,86
Captain America: Civil War,https://fmovies.to/film/captain-america-civil-war.8qpv,2020-07-15,87
Once Upon a Time... in Hollywood,https://fmovies.to/film/once-upon-a-time-in-hollywood.90okx,2020-07-15,88
John Wick,https://fmovies.to/film/john-wick.npnn,2020-07-15,89
Kingsman: The Golden Circle,https://fmovies.to/film/kingsman-the-golden-circle.woow4,2020-07-15,90
The Grinch,https://fmovies.to/film/the-grinch.pjxl4,2020-07-15,91
Hotel Transylvania 3: Summer Vacation,https://fmovies.to/film/hotel-transylvania-3-summer-vacation.37zo2,2020-07-15,92
Maleficent: Mistress of Evil,https://fmovies.to/film/maleficent-mistress-of-evil.0qm45,2020-07-15,94
Maze Runner: The Death Cure,https://fmovies.to/film/maze-runner-the-death-cure.4jlxm,2020-07-15,95
Deadpool,https://fmovies.to/film/deadpool.y5mp,2020-07-15,96
Coco,https://fmovies.to/film/coco.yk2rz,2020-07-15,97
The Hustle,https://fmovies.to/film/the-hustle.nrz8j,2020-07-15,98
A Star Is Born,https://fmovies.to/film/a-star-is-born.jjqr2,2020-07-15,99
Crazy Rich Asians,https://fmovies.to/film/crazy-rich-asians.nrj5n,2020-07-15,101
Child's Play,https://fmovies.to/film/childs-play.1q2lw,2020-07-15,102
Star Wars: Episode IX - The Rise of Skywalker,https://fmovies.to/film/star-wars-episode-ix-the-rise-of-skywalker.6wx80,2020-07-15,103
The Witcher,https://fmovies.to/film/the-witcher.v9y4l,2020-07-15,104
The Wolf Of Wall Street,https://fmovies.to/film/the-wolf-of-wall-street.n3ll,2020-07-15,105
The Mule,https://fmovies.to/film/the-mule.l3oj3,2020-07-15,106
Pet Sematary,https://fmovies.to/film/pet-sematary.mq038,2020-07-15,107
Long Shot,https://fmovies.to/film/long-shot.7wn46,2020-07-15,108
Hustlers,https://fmovies.to/film/hustlers.w55y7,2020-07-15,109
Mortal Engines,https://fmovies.to/film/mortal-engines.6v317,2020-07-15,110
Halloween,https://fmovies.to/film/halloween.6vqw0,2020-07-15,111
The Avengers,https://fmovies.to/film/the-avengers.68y7,2020-07-15,112
Avengers: Age Of Ultron,https://fmovies.to/film/avengers-age-of-ultron.v4l4,2020-07-15,113
Moana,https://fmovies.to/film/moana.w1z44,2020-07-15,114
Bad Boys for Life,https://fmovies.to/film/bad-boys-for-life.k32l4,2020-07-15,115
Instant Family,https://fmovies.to/film/instant-family.29njq,2020-07-15,116
Bloodshot,https://fmovies.to/film/bloodshot.mv43x,2020-07-15,117
Dragon Ball Super: Broly,https://fmovies.to/film/dragon-ball-super-broly.92xrx,2020-07-15,119
Star Wars: Episode VIII - The Last Jedi,https://fmovies.to/film/star-wars-episode-viii-the-last-jedi.z18rw,2020-07-15,121
The Greatest Showman,https://fmovies.to/film/the-greatest-showman.jj3j4,2020-07-15,122
Pacific Rim: Uprising,https://fmovies.to/film/pacific-rim-uprising.6vnl4,2020-07-15,124
The Upside,https://fmovies.to/film/the-upside.l3j5q,2020-07-15,125
Zombieland: Double Tap,https://fmovies.to/film/zombieland-double-tap.lrx4n,2020-07-15,126
Tomb Raider,https://fmovies.to/film/tomb-raider.8n4jy,2020-07-15,127
Parasite,https://fmovies.to/film/parasite.lr31n,2020-07-15,128
Cold Pursuit,https://fmovies.to/film/cold-pursuit.kk5q9,2020-07-15,130
The Intruder,https://fmovies.to/film/the-intruder.37wzy,2020-07-15,131
Little,https://fmovies.to/film/little.rj51o,2020-07-15,132
A Quiet Place,https://fmovies.to/film/a-quiet-place.z13z3,2020-07-15,134
Escape Room,https://fmovies.to/film/escape-room.92v4n,2020-07-15,135
Birds of Prey: And the Fantabulous Emancipation of One Harley Quinn,https://fmovies.to/film/birds-of-prey-and-the-fantabulous-emancipation-of-one-harley-quinn.1q9ox,2020-07-15,136
Anna,https://fmovies.to/film/anna.xvpnv,2020-07-15,137
Good Boys,https://fmovies.to/film/good-boys.xvj0w,2020-07-15,138
Bird Box,https://fmovies.to/film/bird-box.qkwrn,2020-07-15,139
Five Feet Apart,https://fmovies.to/film/five-feet-apart.rj27q,2020-07-15,140
Doctor Strange,https://fmovies.to/film/doctor-strange.zlqw2,2020-07-15,141
Alpha,https://fmovies.to/film/alpha.5kx30,2020-07-15,142
Escape Plan: The Extractors,https://fmovies.to/film/escape-plan-the-extractors.ppk79,2020-07-15,143
The Angry Birds Movie 2,https://fmovies.to/film/the-angry-birds-movie-2.xvjvq,2020-07-15,144
Harry Potter And The Chamber Of Secrets,https://fmovies.to/film/harry-potter-and-the-chamber-of-secrets.lll3,2020-07-15,145
Now You See Me 2,https://fmovies.to/film/now-you-see-me-2.855o,2020-07-15,147
Mile 22,https://fmovies.to/film/mile-22.4j54m,2020-07-15,149
Sonic the Hedgehog,https://fmovies.to/film/sonic-the-hedgehog.2pqzl,2020-07-15,150
Scary Stories to Tell in the Dark,https://fmovies.to/film/scary-stories-to-tell-in-the-dark.yvk8z,2020-07-15,151
Johnny English Strikes Again,https://fmovies.to/film/johnny-english-strikes-again.pjzwx,2020-07-15,152
The Darkest Minds,https://fmovies.to/film/the-darkest-minds.1r5vv,2020-07-15,154
Sicario: Day of the Soldado,https://fmovies.to/film/sicario-day-of-the-soldado.l372z,2020-07-15,155
Daddy's Home 2,https://fmovies.to/film/daddys-home-2.kk29w,2020-07-15,157
The First Purge,https://fmovies.to/film/the-first-purge.oo715,2020-07-15,158
Descendants 3,https://fmovies.to/film/descendants-3.3prm8,2020-07-15,162
The Umbrella Academy,https://fmovies.to/film/the-umbrella-academy.rj2wn,2020-07-15,163
The Act,https://fmovies.to/film/the-act.372j6,2020-07-15,164
Solo: A Star Wars Story,https://fmovies.to/film/solo-a-star-wars-story.xj4o8,2020-07-15,165
To All the Boys I've Loved Before,https://fmovies.to/film/to-all-the-boys-ive-loved-before.z1y62,2020-07-15,166
Hunter Killer,https://fmovies.to/film/hunter-killer.z172w,2020-07-15,168
6 Underground,https://fmovies.to/film/6-underground.0q9ok,2020-07-15,169
Tag,https://fmovies.to/film/tag.5kjwv,2020-07-15,170
Central Intelligence,https://fmovies.to/film/central-intelligence.9zxm,2020-07-15,171
Mary Poppins Returns,https://fmovies.to/film/mary-poppins-returns.4jpoo,2020-07-15,173
Guardians Of The Galaxy,https://fmovies.to/film/guardians-of-the-galaxy.m5wz,2020-07-15,176
Isn't It Romantic,https://fmovies.to/film/isnt-it-romantic.92kmq,2020-07-15,178
Ford v Ferrari,https://fmovies.to/film/ford-v-ferrari.ppw6q,2020-07-15,179
Finding Dory,https://fmovies.to/film/finding-dory.9558,2020-07-15,180
Captain America: The First Avenger,https://fmovies.to/film/captain-america-the-first-avenger.3p12,2020-07-15,181
Pitch Perfect 3,https://fmovies.to/film/pitch-perfect-3.l3813,2020-07-15,182
The House with a Clock in Its Walls,https://fmovies.to/film/the-house-with-a-clock-in-its-walls.0rkp5,2020-07-15,183
Insidious: The Last Key,https://fmovies.to/film/insidious-the-last-key.pj6j9,2020-07-15,184
Smallfoot,https://fmovies.to/film/smallfoot.7w7p7,2020-07-15,185
1917,https://fmovies.to/film/1917.8xyjq,2020-07-15,186
The Curse of la Llorona,https://fmovies.to/film/the-curse-of-la-llorona.kkyrv,2020-07-15,187
Harry Potter And The Goblet Of Fire,https://fmovies.to/film/harry-potter-and-the-goblet-of-fire.n33k,2020-07-15,188
X-Men: Apocalypse,https://fmovies.to/film/x-men-apocalypse.7lr6,2020-07-15,189
Knives Out,https://fmovies.to/film/knives-out.1qzkv,2020-07-15,190
Harry Potter And The Prisoner Of Azkaban,https://fmovies.to/film/harry-potter-and-the-prisoner-of-azkaban.m22v,2020-07-15,191
The Secret Life of Pets,https://fmovies.to/film/the-secret-life-of-pets.p1kx,2020-07-15,192
Truth or Dare,https://fmovies.to/film/truth-or-dare.2986l,2020-07-15,193
Happy Death Day 2U,https://fmovies.to/film/happy-death-day-2u.z1mxm,2020-07-15,194
The Foreigner,https://fmovies.to/film/the-foreigner.920qm,2020-07-15,195
Wonder Woman,https://fmovies.to/film/wonder-woman.02j19,2020-07-15,196
Rocketman,https://fmovies.to/film/rocketman.worlk,2020-07-15,197
Peppermint,https://fmovies.to/film/peppermint.jjqj3,2020-07-15,198
Den of Thieves,https://fmovies.to/film/den-of-thieves.5k3lv,2020-07-15,199
Harry Potter And The Half-Blood Prince,https://fmovies.to/film/harry-potter-and-the-half-blood-prince.qxxv,2020-07-15,201
Yesterday,https://fmovies.to/film/yesterday.0qpn7,2020-07-15,202
Widows,https://fmovies.to/film/widows.kkp0r,2020-07-15,203
The Hate U Give,https://fmovies.to/film/the-hate-u-give.mqr8p,2020-07-15,204
Love,https://fmovies.to/film/love.lk1q,2020-07-15,205
Guardians of the Galaxy Vol. 2,https://fmovies.to/film/guardians-of-the-galaxy-vol-2.prvqj,2020-07-15,206
Iron Man,https://fmovies.to/film/iron-man.3rw89,2020-07-15,207
Dolittle,https://fmovies.to/film/dolittle.w58y4,2020-07-15,208
Fighting with My Family,https://fmovies.to/film/fighting-with-my-family.6v584,2020-07-15,209
Uncle Drew,https://fmovies.to/film/uncle-drew.z1v7p,2020-07-15,210
The Lego Movie 2: The Second Part,https://fmovies.to/film/the-lego-movie-2-the-second-part.z1mrp,2020-07-15,213
Once Upon a Deadpool,https://fmovies.to/film/once-upon-a-deadpool.29l92,2020-07-15,214
Hereditary,https://fmovies.to/film/hereditary.wopwo,2020-07-15,215
12 Strong,https://fmovies.to/film/12-strong.37316,2020-07-15,216
Upgrade,https://fmovies.to/film/upgrade.ookjy,2020-07-15,219
Godfather of Harlem,https://fmovies.to/film/godfather-of-harlem.oxx2j,2020-07-15,220
Me Before You,https://fmovies.to/film/me-before-you.1kyq,2020-07-15,221
47 Meters Down: Uncaged,https://fmovies.to/film/47-meters-down-uncaged.zx13l,2020-07-15,223
Geostorm,https://fmovies.to/film/geostorm.xj2oq,2020-07-15,224
The Fate of the Furious,https://fmovies.to/film/the-fate-of-the-furious.4q5oo,2020-07-15,225
Harry Potter And The Order Of The Phoenix,https://fmovies.to/film/harry-potter-and-the-order-of-the-phoenix.ojj4,2020-07-15,227
The Commuter,https://fmovies.to/film/the-commuter.37398,2020-07-15,229
Batwoman,https://fmovies.to/film/batwoman.rwowy,2020-07-15,230
Stuber,https://fmovies.to/film/stuber.np32m,2020-07-15,231
Frozen,https://fmovies.to/film/frozen.0133,2020-07-15,232
The Conjuring 2,https://fmovies.to/film/the-conjuring-2.7556,2020-07-15,233
Triple Frontier,https://fmovies.to/film/triple-frontier.jjrmn,2020-07-15,234
Overlord,https://fmovies.to/film/overlord.l3q03,2020-07-15,235
Captain America: The Winter Soldier,https://fmovies.to/film/captain-america-the-winter-soldier.l59n,2020-07-15,238
See,https://fmovies.to/film/see.ppm3j,2020-07-15,240
Holmes & Watson,https://fmovies.to/film/holmes-watson.kk596,2020-07-15,242
Game Night,https://fmovies.to/film/game-night.rjqjm,2020-07-15,243
Extraction,https://fmovies.to/film/extraction.zxn7m,2020-07-15,245
Overboard,https://fmovies.to/film/overboard.l3m2z,2020-07-15,246
Thor,https://fmovies.to/film/thor.42xo,2020-07-15,248
Batman v Superman: Dawn of Justice (EXTENDED),https://fmovies.to/film/batman-v-superman-dawn-of-justice-extended.3v82,2020-07-15,249
Blade Runner 2049,https://fmovies.to/film/blade-runner-2049.ykjx1,2020-07-15,251
The Invisible Man,https://fmovies.to/film/the-invisible-man.907ln,2020-07-15,252
Iron Man 2,https://fmovies.to/film/iron-man-2.ljz,2020-07-15,253
The Lion King,https://fmovies.to/film/the-lion-king.rwvn,2020-07-15,255
Ip Man 4: The Finale,https://fmovies.to/film/ip-man-4-the-finale.6wxk0,2020-07-15,256
Ad Astra,https://fmovies.to/film/ad-astra.jppk8,2020-07-15,257
Watchmen,https://fmovies.to/film/watchmen.1q7jq,2020-07-15,258
Fantastic Beasts and Where to Find Them,https://fmovies.to/film/fantastic-beasts-and-where-to-find-them.n3658,2020-07-15,259
Sausage Party (16+),https://fmovies.to/film/sausage-party-16.wx76,2020-07-15,260
Green Book,https://fmovies.to/film/green-book.qkw43,2020-07-15,262
Escape Plan 2: Hades,https://fmovies.to/film/escape-plan-2-hades.8nm23,2020-07-15,264
Get Out,https://fmovies.to/film/get-out.3r699,2020-07-15,265
The Spy Who Dumped Me,https://fmovies.to/film/the-spy-who-dumped-me.7w5y8,2020-07-15,266
Zootopia,https://fmovies.to/film/zootopia.286l,2020-07-15,267
Logan,https://fmovies.to/film/logan.1n8zq,2020-07-15,269
SuperFly,https://fmovies.to/film/superfly.z1vww,2020-07-15,270
Call Me by Your Name,https://fmovies.to/film/call-me-by-your-name.805y3,2020-07-15,271
Harry Potter and the Deathly Hallows 1,https://fmovies.to/film/harry-potter-and-the-deathly-hallows-1.rlly,2020-07-15,272
Christopher Robin,https://fmovies.to/film/christopher-robin.qkmq5,2020-07-15,274
Charlie's Angels,https://fmovies.to/film/charlies-angels.zxw2p,2020-07-15,275
Second Act,https://fmovies.to/film/second-act.29l2l,2020-07-15,276
Tyler Perry's Acrimony,https://fmovies.to/film/tyler-perrys-acrimony.929zx,2020-07-15,277
Transformers: The Last Knight,https://fmovies.to/film/transformers-the-last-knight.jv0r3,2020-07-15,278
Captive State,https://fmovies.to/film/captive-state.qk1ov,2020-07-15,280
Black and Blue,https://fmovies.to/film/black-and-blue.qnzy5,2020-07-15,281
365 Days,https://fmovies.to/film/365-days.ox81z,2020-07-15,283
Ant-Man,https://fmovies.to/film/ant-man.q96n,2020-07-15,284
Onward,https://fmovies.to/film/onward.pp2wj,2020-07-15,285
Twilight,https://fmovies.to/film/twilight.lm1m,2020-07-15,286
21 Bridges,https://fmovies.to/film/21-bridges.0q08r,2020-07-15,287
The Boss Baby,https://fmovies.to/film/the-boss-baby.zl41l,2020-07-15,288
The Gentlemen,https://fmovies.to/film/the-gentlemen.rw43y,2020-07-15,289
First Man,https://fmovies.to/film/first-man.pjz3q,2020-07-15,290
Nobody's Fool,https://fmovies.to/film/nobodys-fool.rj1xq,2020-07-15,291
The Enemy Within,https://fmovies.to/film/the-enemy-within.37239,2020-07-15,292
Carnival Row,https://fmovies.to/film/carnival-row.8xnjv,2020-07-15,293
Ready or Not,https://fmovies.to/film/ready-or-not.jpjx4,2020-07-15,294
The Dark Knight,https://fmovies.to/film/the-dark-knight.n348,2020-07-15,295
Dora and the Lost City of Gold,https://fmovies.to/film/dora-and-the-lost-city-of-gold.902m0,2020-07-15,296
Interstellar,https://fmovies.to/film/interstellar.kwj4,2020-07-15,297
Replicas,https://fmovies.to/film/replicas.rj3pm,2020-07-15,299
The Revenant,https://fmovies.to/film/the-revenant.w8kk,2020-07-15,300
The Lord Of The Rings: The Fellowship Of The Ring (EXTENDED),https://fmovies.to/film/the-lord-of-the-rings-the-fellowship-of-the-ring-extended.80ln,2020-07-15,301
El Camino: A Breaking Bad Movie,https://fmovies.to/film/el-camino-a-breaking-bad-movie.2p0vl,2020-07-15,302
Thor: The Dark World,https://fmovies.to/film/thor-the-dark-world.k6rw,2020-07-15,303
The Addams Family,https://fmovies.to/film/the-addams-family.mvj4z,2020-07-15,305
Iron Man 3,https://fmovies.to/film/iron-man-3.885o,2020-07-15,306
Jersey Shore Family Vacation,https://fmovies.to/film/jersey-shore-family-vacation.6v8np,2020-07-15,307
Fast And Furious 7,https://fmovies.to/film/fast-and-furious-7.j0x3,2020-07-15,308
The Passage,https://fmovies.to/film/the-passage.kk586,2020-07-15,309
Wu-Tang: An American Saga,https://fmovies.to/film/wu-tang-an-american-saga.xvvrz,2020-07-15,310
Death Wish,https://fmovies.to/film/death-wish.mq8wz,2020-07-15,311
Boruto: Naruto The Movie,https://fmovies.to/film/boruto-naruto-the-movie.79my,2020-07-15,312
"Love, Simon",https://fmovies.to/film/love-simon.924vm,2020-07-15,313
The Legend of Tarzan,https://fmovies.to/film/the-legend-of-tarzan.3mk9,2020-07-15,314
The Purge: Election Year,https://fmovies.to/film/the-purge-election-year.32vr,2020-07-15,315
Bleeding Steel,https://fmovies.to/film/bleeding-steel.0ry7k,2020-07-15,316
Good Omens,https://fmovies.to/film/good-omens.xvppz,2020-07-15,317
Baywatch,https://fmovies.to/film/baywatch.jvmq4,2020-07-15,318
White Boy Rick,https://fmovies.to/film/white-boy-rick.nrxwj,2020-07-15,319
Hotel Mumbai,https://fmovies.to/film/hotel-mumbai.29715,2020-07-15,320
A Dog's Way Home,https://fmovies.to/film/a-dogs-way-home.l3wz3,2020-07-15,321
Warrior,https://fmovies.to/film/warrior.rj53n,2020-07-15,322
Bajirao Mastani,https://fmovies.to/film/bajirao-mastani.q6k5,2020-07-15,324
Red Sparrow,https://fmovies.to/film/red-sparrow.z1zw2,2020-07-15,325
Star Trek: Picard,https://fmovies.to/film/star-trek-picard.lr8qm,2020-07-15,327
Creed,https://fmovies.to/film/creed.78z8,2020-07-15,328
Don't Breathe,https://fmovies.to/film/dont-breathe.yqkr1,2020-07-15,330
Blue Is The Warmest Color,https://fmovies.to/film/blue-is-the-warmest-color.jz93,2020-07-15,331
Doctor Sleep,https://fmovies.to/film/doctor-sleep.90jpx,2020-07-15,332
Trolls World Tour,https://fmovies.to/film/trolls-world-tour.w5yk4,2020-07-15,333
Dunkirk,https://fmovies.to/film/dunkirk.z1rl3,2020-07-15,336
Jason Bourne,https://fmovies.to/film/jason-bourne.mxjz,2020-07-15,337
Beauty and the Beast,https://fmovies.to/film/beauty-and-the-beast.jvq84,2020-07-15,339
Titanic,https://fmovies.to/film/titanic.xx5q,2020-07-15,342
The Dead Don't Die,https://fmovies.to/film/the-dead-dont-die.worjk,2020-07-15,343
Kingsman: The Secret Service,https://fmovies.to/film/kingsman-the-secret-service.9218,2020-07-15,347
Star Wars: The Force Awakens,https://fmovies.to/film/star-wars-the-force-awakens.x5nq,2020-07-15,349
Triple Threat,https://fmovies.to/film/triple-threat.29175,2020-07-15,350
The Haunting of Hill House,https://fmovies.to/film/the-haunting-of-hill-house.l39vn,2020-07-15,351
Wonder Park,https://fmovies.to/film/wonder-park.92kv8,2020-07-15,352
Avatar,https://fmovies.to/film/avatar.qn9j,2020-07-15,353
The Kissing Booth,https://fmovies.to/film/the-kissing-booth.jjkwy,2020-07-15,354
A-X-L,https://fmovies.to/film/a-x-l.37548,2020-07-15,357
Underwater,https://fmovies.to/film/underwater.k3289,2020-07-15,359
L.A.'s Finest,https://fmovies.to/film/las-finest.v5p06,2020-07-15,360
Swamp Thing,https://fmovies.to/film/swamp-thing.jpnvn,2020-07-15,361
The Dark Knight Rises,https://fmovies.to/film/the-dark-knight-rises.jvz2,2020-07-15,362
Kong: Skull Island,https://fmovies.to/film/kong-skull-island.ll98m,2020-07-15,364
The Angry Birds Movie,https://fmovies.to/film/the-angry-birds-movie.xqlv,2020-07-15,365
Toy Story,https://fmovies.to/film/toy-story.n3oj,2020-07-15,366
Spies in Disguise,https://fmovies.to/film/spies-in-disguise.xvxyv,2020-07-15,367
Midsommar,https://fmovies.to/film/midsommar.lr3oq,2020-07-15,368
Young Mother 3,https://fmovies.to/film/young-mother-3.17lq,2020-07-15,369
Pirates of the Caribbean: Dead Men Tell No Tales,https://fmovies.to/film/pirates-of-the-caribbean-dead-men-tell-no-tales.4qnom,2020-07-15,370
Annihilation,https://fmovies.to/film/annihilation.z16kw,2020-07-15,372
That '70s Show,https://fmovies.to/film/that-70s-show.k28w,2020-07-15,373
A Simple Favor,https://fmovies.to/film/a-simple-favor.rj16m,2020-07-15,374
Independence Day: Resurgence,https://fmovies.to/film/independence-day-resurgence.2qr0,2020-07-15,375
Inception,https://fmovies.to/film/inception.zlzm,2020-07-15,376
A Discovery of Witches,https://fmovies.to/film/a-discovery-of-witches.v5l8v,2020-07-15,378
Mamma Mia! Here We Go Again,https://fmovies.to/film/mamma-mia-here-we-go-again.nr7zm,2020-07-15,379
Ferdinand,https://fmovies.to/film/ferdinand.rj9jm,2020-07-15,380
Baby Driver,https://fmovies.to/film/baby-driver.llv1n,2020-07-15,381
The Hitman's Bodyguard,https://fmovies.to/film/the-hitmans-bodyguard.5kkrq,2020-07-15,382
Harry Potter and the Deathly Hallows 2,https://fmovies.to/film/harry-potter-and-the-deathly-hallows-2.pr9q9,2020-07-15,383
Trolls,https://fmovies.to/film/trolls.w1nq6,2020-07-15,385
Murder on the Orient Express,https://fmovies.to/film/murder-on-the-orient-express.pj4vx,2020-07-15,386
Murder Mystery,https://fmovies.to/film/murder-mystery.v9nj6,2020-07-15,387
Batman: Hush,https://fmovies.to/film/batman-hush.1qn5v,2020-07-15,388
The Kitchen,https://fmovies.to/film/the-kitchen.1qrvp,2020-07-15,389
The Kid Who Would Be King,https://fmovies.to/film/the-kid-who-would-be-king.z19y2,2020-07-15,390
Warcraft,https://fmovies.to/film/warcraft.400o,2020-07-15,391
The Last Dance,https://fmovies.to/film/the-last-dance.v9jol,2020-07-15,392
Wonder,https://fmovies.to/film/wonder.92y8n,2020-07-15,393
Bad Times at the El Royale,https://fmovies.to/film/bad-times-at-the-el-royale.qk05j,2020-07-15,394
BlacKkKlansman,https://fmovies.to/film/blackkklansman.kkzq4,2020-07-15,395
Kung Fu Panda 3,https://fmovies.to/film/kung-fu-panda-3.44w7,2020-07-15,396
The Lord Of The Rings: The Two Towers (EXTENDED),https://fmovies.to/film/the-lord-of-the-rings-the-two-towers-extended.jv32,2020-07-15,399
Teenage Mutant Ninja Turtles: Out of the Shadows,https://fmovies.to/film/teenage-mutant-ninja-turtles-out-of-the-shadows.96jm,2020-07-15,400
Mechanic: Resurrection,https://fmovies.to/film/mechanic-resurrection.9pvx,2020-07-15,401
Band of Brothers,https://fmovies.to/film/band-of-brothers.mzp8,2020-07-15,402
Gretel & Hansel,https://fmovies.to/film/gretel-hansel.jp3n4,2020-07-15,403
Jurassic World,https://fmovies.to/film/jurassic-world.l5rm,2020-07-15,404
Midway,https://fmovies.to/film/midway.42wwo,2020-07-15,405
Straight Outta Compton,https://fmovies.to/film/straight-outta-compton.l54z,2020-07-15,406
Pennyworth,https://fmovies.to/film/pennyworth.zxlpw,2020-07-15,407
The Lord Of The Rings: The Return Of The King (EXTENDED),https://fmovies.to/film/the-lord-of-the-rings-the-return-of-the-king-extended.9oz0,2020-07-15,408
Dragon Ball Z,https://fmovies.to/film/dragon-ball-z.3p32,2020-07-15,411
Lights Out,https://fmovies.to/film/lights-out.8orv,2020-07-15,412
Nerve,https://fmovies.to/film/nerve.2o274,2020-07-15,413
Breakthrough,https://fmovies.to/film/breakthrough.7wnp8,2020-07-15,415
The Shape of Water,https://fmovies.to/film/the-shape-of-water.v5mx4,2020-07-15,417
Searching,https://fmovies.to/film/searching.1r56p,2020-07-15,418
His Dark Materials,https://fmovies.to/film/his-dark-materials.yvw1p,2020-07-15,419
Jigsaw,https://fmovies.to/film/jigsaw.xjxp8,2020-07-15,420
Reign of the Supermen,https://fmovies.to/film/reign-of-the-supermen.5kozv,2020-07-15,421
Ghostbusters,https://fmovies.to/film/ghostbusters.p96x,2020-07-15,422
War for the Planet of the Apes,https://fmovies.to/film/war-for-the-planet-of-the-apes.kwqj6,2020-07-15,423
The Happytime Murders,https://fmovies.to/film/the-happytime-murders.8n55o,2020-07-15,425
The Prodigy,https://fmovies.to/film/the-prodigy.8njl3,2020-07-15,427
Bad Moms,https://fmovies.to/film/bad-moms.jvnnn,2020-07-15,428
Friday,https://fmovies.to/film/friday.vq72,2020-07-15,429
Miss Peregrine's Home for Peculiar Children,https://fmovies.to/film/miss-peregrines-home-for-peculiar-children.7j1k6,2020-07-15,431
Fast Five,https://fmovies.to/film/fast-five.px9,2020-07-15,432
The Girl in the Spider's Web,https://fmovies.to/film/the-girl-in-the-spiders-web.nrvxk,2020-07-15,433
Goosebumps 2: Haunted Halloween,https://fmovies.to/film/goosebumps-2-haunted-halloween.mqrm8,2020-07-15,434
Split,https://fmovies.to/film/split.qxmq5,2020-07-15,435
Ice Age: Collision Course,https://fmovies.to/film/ice-age-collision-course.1kkx,2020-07-15,436
Now You See Me,https://fmovies.to/film/now-you-see-me.7051,2020-07-15,437
Blockers,https://fmovies.to/film/blockers.l35on,2020-07-15,440
Cars 3,https://fmovies.to/film/cars-3.oj2o8,2020-07-15,441
Valerian and the City of a Thousand Planets,https://fmovies.to/film/valerian-and-the-city-of-a-thousand-planets.2920l,2020-07-15,442
When They See Us,https://fmovies.to/film/when-they-see-us.lrpln,2020-07-15,445
Train to Busan,https://fmovies.to/film/train-to-busan.529z0,2020-07-15,446
Unfriended: Dark Web,https://fmovies.to/film/unfriended-dark-web.mq1v7,2020-07-15,447
A Score to Settle,https://fmovies.to/film/a-score-to-settle.nprrk,2020-07-15,448
Peter Rabbit,https://fmovies.to/film/peter-rabbit.6vnr0,2020-07-15,449
Hacksaw Ridge,https://fmovies.to/film/hacksaw-ridge.1n3ow,2020-07-15,450
UglyDolls,https://fmovies.to/film/uglydolls.lrlkm,2020-07-15,451
Close,https://fmovies.to/film/close.7wqo8,2020-07-15,453
Spectre,https://fmovies.to/film/spectre.rq2n,2020-07-15,454
Justice League Dark: Apokolips War,https://fmovies.to/film/justice-league-dark-apokolips-war.zxz1w,2020-07-15,455
Girls Trip,https://fmovies.to/film/girls-trip.8nkov,2020-07-15,456
The Call of the Wild,https://fmovies.to/film/the-call-of-the-wild.1q9mq,2020-07-15,457
Prodigal Son,https://fmovies.to/film/prodigal-son.6ww7z,2020-07-15,458
Booksmart,https://fmovies.to/film/booksmart.l3v9z,2020-07-15,459
Stargirl,https://fmovies.to/film/stargirl.42llo,2020-07-15,460
Fast & Furious 6,https://fmovies.to/film/fast-furious-6.9wn,2020-07-15,461
Guns Akimbo,https://fmovies.to/film/guns-akimbo.2pz2q,2020-07-15,463
Abominable,https://fmovies.to/film/abominable.xvvk8,2020-07-15,464
The Incredibles,https://fmovies.to/film/the-incredibles.8plv,2020-07-15,465
Sicario,https://fmovies.to/film/sicario.585q,2020-07-15,466
Breaking In,https://fmovies.to/film/breaking-in.0r7w7,2020-07-15,467
Hotel Transylvania 2,https://fmovies.to/film/hotel-transylvania-2.nmwl,2020-07-15,468
American Assassin,https://fmovies.to/film/american-assassin.7w281,2020-07-15,469
Downsizing,https://fmovies.to/film/downsizing.7w006,2020-07-15,471
Whiskey Cavalier,https://fmovies.to/film/whiskey-cavalier.rj29p,2020-07-15,473
Bright,https://fmovies.to/film/bright.8nxpy,2020-07-15,474
Dave Chappelle: Sticks & Stones,https://fmovies.to/film/dave-chappelle-sticks-stones.jpjmy,2020-07-15,475
Naruto,https://fmovies.to/film/naruto.ykyp,2020-07-15,476
I Feel Pretty,https://fmovies.to/film/i-feel-pretty.jj5o3,2020-07-15,477
The Hunt,https://fmovies.to/film/the-hunt.xv6lq,2020-07-15,478
Toy Story 3,https://fmovies.to/film/toy-story-3.m2n7,2020-07-15,479
Home Alone 1,https://fmovies.to/film/home-alone-1.vqn7,2020-07-15,480
Fantasy Island,https://fmovies.to/film/fantasy-island.w5nz4,2020-07-15,481
The Equalizer,https://fmovies.to/film/the-equalizer.woqk,2020-07-15,482
The Nutcracker and the Four Realms,https://fmovies.to/film/the-nutcracker-and-the-four-realms.mqr6p,2020-07-15,484
"Extremely Wicked, Shockingly Evil and Vile",https://fmovies.to/film/extremely-wicked-shockingly-evil-and-vile.xjmkz,2020-07-15,485
The Matrix,https://fmovies.to/film/the-matrix.jv58,2020-07-15,486
Neighbors 2: Sorority Rising,https://fmovies.to/film/neighbors-2-sorority-rising.xq7z,2020-07-15,487
Maze Runner: The Scorch Trials,https://fmovies.to/film/maze-runner-the-scorch-trials.6l2y0,2020-07-15,489
Serenity,https://fmovies.to/film/serenity.92v6x,2020-07-15,490
The Maze Runner,https://fmovies.to/film/the-maze-runner.v5v7,2020-07-15,491
Aladdin,https://fmovies.to/film/aladdin.8x7n,2020-07-15,492
The Twilight Saga: New Moon,https://fmovies.to/film/the-twilight-saga-new-moon.x2yw,2020-07-15,493
Sing,https://fmovies.to/film/sing.02177,2020-07-15,494
Ronaldo,https://fmovies.to/film/ronaldo.5w59,2020-07-15,495
Maleficent,https://fmovies.to/film/maleficent.kw49,2020-07-15,496
The Hunger Games,https://fmovies.to/film/the-hunger-games.1z5p,2020-07-15,498
Contagion,https://fmovies.to/film/contagion.4v9o,2020-07-15,499
The Little Mermaid,https://fmovies.to/film/the-little-mermaid.xjz1v,2020-07-15,500
Mad Max: Fury Road,https://fmovies.to/film/mad-max-fury-road.6nlz,2020-07-15,502
Django Unchained,https://fmovies.to/film/django-unchained.1njq,2020-07-15,503
The Martian,https://fmovies.to/film/the-martian.vx6l,2020-07-15,504
The Notebook,https://fmovies.to/film/the-notebook.19ow,2020-07-15,505
I Got the Hook Up 2,https://fmovies.to/film/i-got-the-hook-up-2.oxj85,2020-07-15,509
The Magnificent Seven,https://fmovies.to/film/the-magnificent-seven.llxjq,2020-07-15,512
Batman vs Teenage Mutant Ninja Turtles,https://fmovies.to/film/batman-vs-teenage-mutant-ninja-turtles.6v2yz,2020-07-15,513
Inside Out,https://fmovies.to/film/inside-out.w0r7,2020-07-15,514
Night Hunter,https://fmovies.to/film/night-hunter.2p9xl,2020-07-15,515
The Morning Show,https://fmovies.to/film/the-morning-show.6w027,2020-07-15,517
The Poison Rose,https://fmovies.to/film/the-poison-rose.jjoq4,2020-07-15,518
World War Z,https://fmovies.to/film/world-war-z.mq68,2020-07-15,519
Dragged Across Concrete,https://fmovies.to/film/dragged-across-concrete.l3wv3,2020-07-15,521
Finding Nemo,https://fmovies.to/film/finding-nemo.2onq,2020-07-15,522
Jojo Rabbit,https://fmovies.to/film/jojo-rabbit.oxl5y,2020-07-15,523
Transformers,https://fmovies.to/film/transformers.oj65,2020-07-15,524
The Twilight Saga: Eclipse,https://fmovies.to/film/the-twilight-saga-eclipse.wwxl,2020-07-15,525
Super Dragon Ball Heroes,https://fmovies.to/film/super-dragon-ball-heroes.z1v62,2020-07-15,527
Jack Reacher: Never Go Back,https://fmovies.to/film/jack-reacher-never-go-back.7jkpj,2020-07-15,528
Pretty Little Liars: The Perfectionists,https://fmovies.to/film/pretty-little-liars-the-perfectionists.rj25y,2020-07-15,529
The Mummy,https://fmovies.to/film/the-mummy.5246j,2020-07-15,530
The Strangers: Prey at Night,https://fmovies.to/film/the-strangers-prey-at-night.378q9,2020-07-15,531
Despicable Me 3,https://fmovies.to/film/despicable-me-3.1n6jv,2020-07-15,533
Kin,https://fmovies.to/film/kin.ook25,2020-07-15,534
To All the Boys: P.S. I Still Love You,https://fmovies.to/film/to-all-the-boys-ps-i-still-love-you.59zzq,2020-07-15,535
Power Rangers,https://fmovies.to/film/power-rangers.ll9zn,2020-07-15,536
The Platform,https://fmovies.to/film/the-platform.np2om,2020-07-15,539
A Dog's Journey,https://fmovies.to/film/a-dogs-journey.928o0,2020-07-15,540
The Twilight Saga: Breaking Dawn 2,https://fmovies.to/film/the-twilight-saga-breaking-dawn-2.r3pp,2020-07-15,541
Last Christmas,https://fmovies.to/film/last-christmas.k39l4,2020-07-15,542
The Perfect Date,https://fmovies.to/film/the-perfect-date.pj9yx,2020-07-15,543
Batman: Gotham by Gaslight,https://fmovies.to/film/batman-gotham-by-gaslight.5km9m,2020-07-15,544
Uncut Gems,https://fmovies.to/film/uncut-gems.v9yj4,2020-07-15,545
Fast and Furious,https://fmovies.to/film/fast-and-furious.nvl,2020-07-15,548
I Kill Giants,https://fmovies.to/film/i-kill-giants.qk9xw,2020-07-15,549
War Dogs,https://fmovies.to/film/war-dogs.lll8n,2020-07-15,550
The Accountant,https://fmovies.to/film/the-accountant.7jz17,2020-07-15,552
Man Of Steel,https://fmovies.to/film/man-of-steel.rojo,2020-07-15,553
Rogue One: A Star Wars Story,https://fmovies.to/film/rogue-one-a-star-wars-story.4q45k,2020-07-15,554
Treadstone,https://fmovies.to/film/treadstone.mvj48,2020-07-15,555
Bodyguard,https://fmovies.to/film/bodyguard.6v76p,2020-07-15,556
Molly's Game,https://fmovies.to/film/mollys-game.kk1xv,2020-07-15,557
Dirty Grandpa,https://fmovies.to/film/dirty-grandpa.6414,2020-07-15,558
Pride & Prejudice,https://fmovies.to/film/pride-prejudice.y241,2020-07-15,559
Running with the Devil,https://fmovies.to/film/running-with-the-devil.0qq7r,2020-07-15,561
The BFG,https://fmovies.to/film/the-bfg.yzl0,2020-07-15,563
Ambitions,https://fmovies.to/film/ambitions.8xkmq,2020-07-15,564
Queen & Slim,https://fmovies.to/film/queen-slim.3px4r,2020-07-15,565
Storks,https://fmovies.to/film/storks.m2j0p,2020-07-15,567
Mirzapur,https://fmovies.to/film/mirzapur.ykz5p,2020-07-15,568
"Love, Rosie",https://fmovies.to/film/love-rosie.lx56,2020-07-15,569
I Am Mother,https://fmovies.to/film/i-am-mother.npnwm,2020-07-15,570
Lust Stories,https://fmovies.to/film/lust-stories.0rw09,2020-07-15,571
Passengers,https://fmovies.to/film/passengers.kw64v,2020-07-15,572
The Conjuring,https://fmovies.to/film/the-conjuring.91wq,2020-07-15,573
Harriet,https://fmovies.to/film/harriet.oxl1j,2020-07-15,575
How To Train Your Dragon 2,https://fmovies.to/film/how-to-train-your-dragon-2.l39m,2020-07-15,576
The Twilight Saga: Breaking Dawn 1,https://fmovies.to/film/the-twilight-saga-breaking-dawn-1.q7ow,2020-07-15,577
American Made,https://fmovies.to/film/american-made.oolo4,2020-07-15,579
Spider-Man,https://fmovies.to/film/spider-man.52jv,2020-07-15,581
The Best of Enemies,https://fmovies.to/film/the-best-of-enemies.l3zw3,2020-07-15,583
Missing Link,https://fmovies.to/film/missing-link.6vmyz,2020-07-15,585
The Hobbit: The Desolation Of Smaug (Extended),https://fmovies.to/film/the-hobbit-the-desolation-of-smaug-extended.ol55,2020-07-15,586
Sherlock Gnomes,https://fmovies.to/film/sherlock-gnomes.mq5q7,2020-07-15,587
The Shallows,https://fmovies.to/film/the-shallows.4pyk,2020-07-15,588
Diet Of Sex,https://fmovies.to/film/diet-of-sex.6zyp,2020-07-15,590
Mean Girls,https://fmovies.to/film/mean-girls.jw02,2020-07-15,591
Star Wars: Episode 5 - The Empire Strikes Back,https://fmovies.to/film/star-wars-episode-5-the-empire-strikes-back.3r8r,2020-07-15,592
Ip Man 3,https://fmovies.to/film/ip-man-3.11jx,2020-07-15,593
Star Wars: Episode 1 - The Phantom Menace,https://fmovies.to/film/star-wars-episode-1-the-phantom-menace.0245,2020-07-15,594
La La Land,https://fmovies.to/film/la-la-land.m2yk7,2020-07-15,595
Fight Club,https://fmovies.to/film/fight-club.9om0,2020-07-15,597
The Little Mermaid,https://fmovies.to/film/the-little-mermaid.093k,2020-07-15,598
Big Hero 6,https://fmovies.to/film/big-hero-6.p5px,2020-07-15,600
Why Him?,https://fmovies.to/film/why-him.kwlp9,2020-07-15,601
Divergent,https://fmovies.to/film/divergent.2950,2020-07-15,602
Polar,https://fmovies.to/film/polar.37m4y,2020-07-15,605
Pitch Perfect,https://fmovies.to/film/pitch-perfect.2px5,2020-07-15,609
Braven,https://fmovies.to/film/braven.yk600,2020-07-15,610
Transformers: Age Of Extinction,https://fmovies.to/film/transformers-age-of-extinction.pr6q,2020-07-15,612
Winchester,https://fmovies.to/film/winchester.v5j1l,2020-07-15,614
Tyler Perry's Boo! A Madea Halloween,https://fmovies.to/film/tyler-perrys-boo-a-madea-halloween.80z1v,2020-07-15,615
Allegiant,https://fmovies.to/film/allegiant.p53q,2020-07-15,616
Pirates,https://fmovies.to/film/pirates.6lp84,2020-07-15,617
Wreck-It Ralph,https://fmovies.to/film/wreck-it-ralph.nkjj,2020-07-15,618
High School Musical: The Musical - The Series,https://fmovies.to/film/high-school-musical-the-musical-the-series.w5wk7,2020-07-15,619
Alien: Covenant,https://fmovies.to/film/alien-covenant.zl9v2,2020-07-15,620
Edge Of Tomorrow,https://fmovies.to/film/edge-of-tomorrow.r6n,2020-07-15,621
Pirates Of The Caribbean: Dead Man's Chest,https://fmovies.to/film/pirates-of-the-caribbean-dead-mans-chest.7j31,2020-07-15,622
Dragon Ball Super (Dubbed),https://fmovies.to/film/dragon-ball-super-dubbed.02w0r,2020-07-15,623
Hocus Pocus,https://fmovies.to/film/hocus-pocus.myox,2020-07-15,624
Home Alone 2: Lost In New York,https://fmovies.to/film/home-alone-2-lost-in-new-york.8x53,2020-07-15,625
Ratatouille,https://fmovies.to/film/ratatouille.p4o6,2020-07-15,626
The Last Witch Hunter,https://fmovies.to/film/the-last-witch-hunter.k64v,2020-07-15,627
Sierra Burgess Is a Loser,https://fmovies.to/film/sierra-burgess-is-a-loser.ykxyz,2020-07-15,628
Daughter of the Wolf,https://fmovies.to/film/daughter-of-the-wolf.rwm6p,2020-07-15,629
Leaving Neverland,https://fmovies.to/film/leaving-neverland.xjk4v,2020-07-15,630
Assassin's Creed,https://fmovies.to/film/assassins-creed.808lq,2020-07-15,631
Mowgli: Legend of the Jungle,https://fmovies.to/film/mowgli-legend-of-the-jungle.4jpl7,2020-07-15,632
13 Hours: The Secret Soldiers of Benghazi,https://fmovies.to/film/13-hours-the-secret-soldiers-of-benghazi.rvrm,2020-07-15,633
The Godfather,https://fmovies.to/film/the-godfather.q9o3,2020-07-15,636
Escape from Pleasure Planet,https://fmovies.to/film/escape-from-pleasure-planet.llwkq,2020-07-15,637
Pirates Of The Caribbean: At World's End,https://fmovies.to/film/pirates-of-the-caribbean-at-worlds-end.9o3m,2020-07-15,638
The L Word: Generation Q,https://fmovies.to/film/the-l-word-generation-q.yv2j0,2020-07-15,639
X-Men: Days Of Future Past,https://fmovies.to/film/x-men-days-of-future-past.80kv,2020-07-15,640
The Hateful Eight,https://fmovies.to/film/the-hateful-eight.571m,2020-07-15,641
Boo 2! A Madea Halloween,https://fmovies.to/film/boo-2-a-madea-halloween.wowz7,2020-07-15,642
The Family Man,https://fmovies.to/film/the-family-man.pppqx,2020-07-15,643
The Possession of Hannah Grace,https://fmovies.to/film/the-possession-of-hannah-grace.pjv29,2020-07-15,644
What Happened to Monday,https://fmovies.to/film/what-happened-to-monday.nr3jl,2020-07-15,645
The Emoji Movie,https://fmovies.to/film/the-emoji-movie.37q28,2020-07-15,646
The Amazing Spider-Man,https://fmovies.to/film/the-amazing-spider-man.80m3,2020-07-15,647
San Andreas,https://fmovies.to/film/san-andreas.j83,2020-07-15,648
Up,https://fmovies.to/film/up.3rny,2020-07-15,650
Pirates II: Stagnetti's Revenge,https://fmovies.to/film/pirates-ii-stagnettis-revenge.80vwo,2020-07-15,651
Atomic Blonde,https://fmovies.to/film/atomic-blonde.vvpw7,2020-07-15,653
Skiptrace,https://fmovies.to/film/skiptrace.r7jq,2020-07-15,654
Star Wars: Episode 2 - Attack Of The Clones,https://fmovies.to/film/star-wars-episode-2-attack-of-the-clones.1n4p,2020-07-15,655
Polaroid,https://fmovies.to/film/polaroid.mqxo8,2020-07-15,657
Gifted,https://fmovies.to/film/gifted.52qnj,2020-07-15,658
The InBetween,https://fmovies.to/film/the-inbetween.4jyyo,2020-07-15,659
Vice,https://fmovies.to/film/vice.nrlpm,2020-07-15,660
Mission Impossible 5: Rogue Nation,https://fmovies.to/film/mission-impossible-5-rogue-nation.j8wy,2020-07-15,663
Pitch Perfect 2,https://fmovies.to/film/pitch-perfect-2.zzxw,2020-07-15,664
The Hunger Games: Mockingjay 2,https://fmovies.to/film/the-hunger-games-mockingjay-2.x59z,2020-07-15,665
Gone Girl,https://fmovies.to/film/gone-girl.oj48,2020-07-15,667
Uri: The Surgical Strike,https://fmovies.to/film/uri-the-surgical-strike.v5662,2020-07-15,670
City on a Hill,https://fmovies.to/film/city-on-a-hill.90lym,2020-07-15,671
One Piece Film Gold,https://fmovies.to/film/one-piece-film-gold.886y,2020-07-15,672
Paddington 2,https://fmovies.to/film/paddington-2.oovn8,2020-07-15,673
The Way Back,https://fmovies.to/film/the-way-back.yv920,2020-07-15,674
The Rook,https://fmovies.to/film/the-rook.90lp8,2020-07-15,676
Day of the Dead: Bloodline,https://fmovies.to/film/day-of-the-dead-bloodline.qk6vn,2020-07-15,677
Deepwater Horizon,https://fmovies.to/film/deepwater-horizon.jvw02,2020-07-15,678
The Great Wall,https://fmovies.to/film/the-great-wall.n355k,2020-07-15,679
The Favourite,https://fmovies.to/film/the-favourite.xjypq,2020-07-15,680
The Hunger Games: Catching Fire,https://fmovies.to/film/the-hunger-games-catching-fire.2w62,2020-07-15,681
Gods Of Egypt,https://fmovies.to/film/gods-of-egypt.l573,2020-07-15,682
Big Brother,https://fmovies.to/film/big-brother.l3j5z,2020-07-15,683
White Chicks,https://fmovies.to/film/white-chicks.r0qy,2020-07-15,684
Fist Fight,https://fmovies.to/film/fist-fight.qxm13,2020-07-15,685
Lucy,https://fmovies.to/film/lucy.m23v,2020-07-15,686
Get Hard,https://fmovies.to/film/get-hard.jpn,2020-07-15,687
Unbreakable,https://fmovies.to/film/unbreakable.4jrm,2020-07-15,688
The O.C.,https://fmovies.to/film/the-oc.k2n6,2020-07-15,689
For Life,https://fmovies.to/film/for-life.42zzo,2020-07-15,691
Transformers: Revenge Of The Fallen,https://fmovies.to/film/transformers-revenge-of-the-fallen.qx6j,2020-07-15,692
The Titan,https://fmovies.to/film/the-titan.jj5ly,2020-07-15,693
The Duff,https://fmovies.to/film/the-duff.p1nq,2020-07-15,694
The Fast And The Furious,https://fmovies.to/film/the-fast-and-the-furious.owz,2020-07-15,695
Grand Hotel,https://fmovies.to/film/grand-hotel.k3o66,2020-07-15,696
xXx: Return of Xander Cage,https://fmovies.to/film/xxx-return-of-xander-cage.rlkky,2020-07-15,697
Voldemort: Origins of the Heir,https://fmovies.to/film/voldemort-origins-of-the-heir.oo6y5,2020-07-15,698
Arrival,https://fmovies.to/film/arrival.023y7,2020-07-15,699
Doom: Annihilation,https://fmovies.to/film/doom-annihilation.pppl9,2020-07-15,700
Elf,https://fmovies.to/film/elf.m378,2020-07-15,701
The Hangover,https://fmovies.to/film/the-hangover.1o2v,2020-07-15,702
The Current War: Director's Cut,https://fmovies.to/film/the-current-war-directors-cut.8xxln,2020-07-15,703
Love Island,https://fmovies.to/film/love-island.42qvj,2020-07-15,704
Early Man,https://fmovies.to/film/early-man.z1zyp,2020-07-15,706
Pearson,https://fmovies.to/film/pearson.0q27r,2020-07-15,707
Maze,https://fmovies.to/film/maze.oo8qj,2020-07-15,708
Papillon,https://fmovies.to/film/papillon.8n90y,2020-07-15,709
The Highwaymen,https://fmovies.to/film/the-highwaymen.l3z3n,2020-07-15,710
22 Jump Street,https://fmovies.to/film/22-jump-street.l356,2020-07-15,711
Zombieland,https://fmovies.to/film/zombieland.5wy0,2020-07-15,712
Cars,https://fmovies.to/film/cars.km09,2020-07-15,713
The Suite Life on Deck,https://fmovies.to/film/the-suite-life-on-deck.z5ym,2020-07-15,714
Minions,https://fmovies.to/film/minions.l5lm,2020-07-15,715
Verónica,https://fmovies.to/film/veronica.xjlpv,2020-07-15,716
Friends With Benefits,https://fmovies.to/film/friends-with-benefits.1v6q,2020-07-15,718
How To Train Your Dragon,https://fmovies.to/film/how-to-train-your-dragon.80wq,2020-07-15,720
The Perks Of Being A Wallflower,https://fmovies.to/film/the-perks-of-being-a-wallflower.5v2m,2020-07-15,721
A Bad Moms Christmas,https://fmovies.to/film/a-bad-moms-christmas.rjowy,2020-07-15,722
Can You Keep a Secret?,https://fmovies.to/film/can-you-keep-a-secret.qnn8j,2020-07-15,723
How High 2,https://fmovies.to/film/how-high-2.l3vpn,2020-07-15,724
Batman Begins,https://fmovies.to/film/batman-begins.kw04,2020-07-15,725
Forever My Girl,https://fmovies.to/film/forever-my-girl.4jlq7,2020-07-15,726
Sharp Objects,https://fmovies.to/film/sharp-objects.jj7yn,2020-07-15,728
Scoob!,https://fmovies.to/film/scoob.6wnyp,2020-07-15,729
One Piece: Stampede,https://fmovies.to/film/one-piece-stampede.npw3n,2020-07-15,732
The Grudge,https://fmovies.to/film/the-grudge.k32xw,2020-07-15,737
Justice League vs the Fatal Five,https://fmovies.to/film/justice-league-vs-the-fatal-five.2979l,2020-07-15,738
Inferno,https://fmovies.to/film/inferno.pr8pj,2020-07-15,739
All Eyez on Me,https://fmovies.to/film/all-eyez-on-me.7jn3y,2020-07-15,740
Russian Lolita,https://fmovies.to/film/russian-lolita.oox38,2020-07-15,741
The Beach Bum,https://fmovies.to/film/the-beach-bum.4jkjk,2020-07-15,742
The Age Of Adaline,https://fmovies.to/film/the-age-of-adaline.9o8,2020-07-15,744
Sextuplets,https://fmovies.to/film/sextuplets.k3kj6,2020-07-15,745
Jeepers Creepers III,https://fmovies.to/film/jeepers-creepers-iii.29wlq,2020-07-15,746
Alvin And The Chipmunks: The Road Chip,https://fmovies.to/film/alvin-and-the-chipmunks-the-road-chip.k209,2020-07-15,747
Pirates Of The Caribbean: On Stranger Tides,https://fmovies.to/film/pirates-of-the-caribbean-on-stranger-tides.jv13,2020-07-15,748
All Rise,https://fmovies.to/film/all-rise.7225y,2020-07-15,749
Sanam Teri Kasam,https://fmovies.to/film/sanam-teri-kasam.wzn6,2020-07-15,751
Raising Dion,https://fmovies.to/film/raising-dion.421qo,2020-07-15,752
Stumptown,https://fmovies.to/film/stumptown.v993v,2020-07-15,754
Taxi 5,https://fmovies.to/film/taxi-5.1r10p,2020-07-15,755
Friend Request,https://fmovies.to/film/friend-request.pl06,2020-07-15,757
Hunters,https://fmovies.to/film/hunters.qn80w,2020-07-15,760
Batman: The Killing Joke,https://fmovies.to/film/batman-the-killing-joke.5lmv,2020-07-15,761
Pulp Fiction,https://fmovies.to/film/pulp-fiction.m2zz,2020-07-15,763
Deception,https://fmovies.to/film/deception.wokll,2020-07-15,764
Ted 2,https://fmovies.to/film/ted-2.482x,2020-07-15,766
Star Wars: Episode 3 - Revenge Of The Sith,https://fmovies.to/film/star-wars-episode-3-revenge-of-the-sith.oxn5,2020-07-15,770
The Incredible Hulk,https://fmovies.to/film/the-incredible-hulk.3xm9,2020-07-15,771
3 Idiots,https://fmovies.to/film/3-idiots.xr9w,2020-07-15,772
Avengement,https://fmovies.to/film/avengement.kkqrv,2020-07-15,773
Focus,https://fmovies.to/film/focus.8no,2020-07-15,774
A Wrinkle in Time,https://fmovies.to/film/a-wrinkle-in-time.5kmlv,2020-07-15,776
The Society,https://fmovies.to/film/the-society.5k0v9,2020-07-15,777
We're The Millers,https://fmovies.to/film/were-the-millers.m33v,2020-07-15,778
Skin,https://fmovies.to/film/skin.lrlqz,2020-07-15,779
The 5th Wave,https://fmovies.to/film/the-5th-wave.2885,2020-07-15,780
Code 8,https://fmovies.to/film/code-8.8xyzn,2020-07-15,781
Alice Through the Looking Glass,https://fmovies.to/film/alice-through-the-looking-glass.nj3m,2020-07-15,782
X-Men,https://fmovies.to/film/x-men.2o24,2020-07-15,783
American Sniper,https://fmovies.to/film/american-sniper.600p,2020-07-15,784
Lady Bird,https://fmovies.to/film/lady-bird.z12vm,2020-07-15,786
"Monsters, Inc.",https://fmovies.to/film/monsters-inc.3v08,2020-07-15,787
Games People Play,https://fmovies.to/film/games-people-play.qk4yn,2020-07-15,788
Catch Me If You Can,https://fmovies.to/film/catch-me-if-you-can.ykw0,2020-07-15,789
Mary Queen of Scots,https://fmovies.to/film/mary-queen-of-scots.1rk1v,2020-07-15,790
Star Wars: Episode 4 - A New Hope,https://fmovies.to/film/star-wars-episode-4-a-new-hope.2o82,2020-07-15,792
Hot Sex Talk,https://fmovies.to/film/hot-sex-talk.kxr6,2020-07-15,794
Midnight Sun,https://fmovies.to/film/midnight-sun.oo61y,2020-07-15,795
Troy,https://fmovies.to/film/troy.6v39,2020-07-15,796
Girl/Girl Scene,https://fmovies.to/film/girlgirl-scene.92p20,2020-07-15,798
Grown Ups,https://fmovies.to/film/grown-ups.pjoq,2020-07-15,799
Godzilla,https://fmovies.to/film/godzilla.37vp8,2020-07-15,800
Hell Fest,https://fmovies.to/film/hell-fest.8n9qv,2020-07-15,801
Godzilla: The Planet Eater,https://fmovies.to/film/godzilla-the-planet-eater.8nr1y,2020-07-15,802
Life of the Party,https://fmovies.to/film/life-of-the-party.1rxov,2020-07-15,803
Delicious Delivery,https://fmovies.to/film/delicious-delivery.19yx,2020-07-15,804
Bad Genius,https://fmovies.to/film/bad-genius.mq2rp,2020-07-15,805
This Is The End,https://fmovies.to/film/this-is-the-end.rw8n,2020-07-15,806
Secret Obsession,https://fmovies.to/film/secret-obsession.mv2np,2020-07-15,807
Annabelle,https://fmovies.to/film/annabelle.or7j,2020-07-15,808
Star Wars: Episode IV - A New Hope,https://fmovies.to/film/star-wars-episode-iv-a-new-hope.xrk6w,2020-07-15,810
Family Matters,https://fmovies.to/film/family-matters.x20q,2020-07-15,812
Little Women,https://fmovies.to/film/little-women.zx59w,2020-07-15,814
Greta,https://fmovies.to/film/greta.v5p7l,2020-07-15,815
Insurgent,https://fmovies.to/film/insurgent.0q7,2020-07-15,816
Flatliners,https://fmovies.to/film/flatliners.6v0r4,2020-07-15,817
Shutter Island,https://fmovies.to/film/shutter-island.1nkv,2020-07-15,818
Ghost in the Shell,https://fmovies.to/film/ghost-in-the-shell.m2rm8,2020-07-15,820
The Nightmare Before Christmas,https://fmovies.to/film/the-nightmare-before-christmas.4x4k,2020-07-15,821
Disenchantment,https://fmovies.to/film/disenchantment.1r54w,2020-07-15,822
Your Name.,https://fmovies.to/film/your-name.6l659,2020-07-15,825
One Night Stand,https://fmovies.to/film/one-night-stand.9rp0,2020-07-15,826
City of Lies,https://fmovies.to/film/city-of-lies.jj45y,2020-07-15,827
Drunk Parents,https://fmovies.to/film/drunk-parents.mq087,2020-07-15,828
Who Is America?,https://fmovies.to/film/who-is-america.29ynl,2020-07-15,829
Pacific Rim,https://fmovies.to/film/pacific-rim.8y2v,2020-07-15,830
A Dog's Purpose,https://fmovies.to/film/a-dogs-purpose.ll093,2020-07-15,831
(500) Days Of Summer,https://fmovies.to/film/500-days-of-summer.2x3l,2020-07-15,832
The Fast And The Furious: Tokyo Drift,https://fmovies.to/film/the-fast-and-the-furious-tokyo-drift.j864,2020-07-15,833
The Purge,https://fmovies.to/film/the-purge.xjyv,2020-07-15,834
Gully Boy,https://fmovies.to/film/gully-boy.rj56p,2020-07-15,835
Nancy Drew,https://fmovies.to/film/nancy-drew.npkw8,2020-07-15,836
The Death of Superman,https://fmovies.to/film/the-death-of-superman.29yxq,2020-07-15,837
Star Wars: Episode 6 - Return Of The Jedi,https://fmovies.to/film/star-wars-episode-6-return-of-the-jedi.4q8j,2020-07-15,838
17 Again,https://fmovies.to/film/17-again.lk6z,2020-07-15,840
Hidden Figures,https://fmovies.to/film/hidden-figures.6lo20,2020-07-15,841
A Walk To Remember,https://fmovies.to/film/a-walk-to-remember.mlx8,2020-07-15,842
The Devil Wears Prada,https://fmovies.to/film/the-devil-wears-prada.3z09,2020-07-15,843
The Dark Tower,https://fmovies.to/film/the-dark-tower.92oqm,2020-07-15,844
Pete's Dragon,https://fmovies.to/film/petes-dragon.80k43,2020-07-15,845
Sherlock Holmes,https://fmovies.to/film/sherlock-holmes.k5r,2020-07-15,846
The Head Hunter,https://fmovies.to/film/the-head-hunter.37j9r,2020-07-15,847
Cats,https://fmovies.to/film/cats.yv25z,2020-07-15,849
The Silence,https://fmovies.to/film/the-silence.pj98x,2020-07-15,850
Pretty Woman,https://fmovies.to/film/pretty-woman.mwrv,2020-07-15,851
Transformers: Dark Of The Moon,https://fmovies.to/film/transformers-dark-of-the-moon.rl6n,2020-07-15,852
10 Things I Hate About You,https://fmovies.to/film/10-things-i-hate-about-you.zn63,2020-07-15,853
Superbad,https://fmovies.to/film/superbad.ppoq,2020-07-15,854
Two Sisters 2,https://fmovies.to/film/two-sisters-2.4j94k,2020-07-15,855
IO,https://fmovies.to/film/io.6vpn4,2020-07-15,857
Book Club,https://fmovies.to/film/book-club.5kjjq,2020-07-15,858
Haunt,https://fmovies.to/film/haunt.w55n7,2020-07-15,859
Intimacy,https://fmovies.to/film/intimacy.z0yw,2020-07-15,860
Pandora,https://fmovies.to/film/pandora.42q8x,2020-07-15,861
She's The Man,https://fmovies.to/film/shes-the-man.xxpv,2020-07-15,862
The Intern,https://fmovies.to/film/the-intern.woml,2020-07-15,863
The Lion King 2: Simba's Pride,https://fmovies.to/film/the-lion-king-2-simbas-pride.v9zl,2020-07-15,864
Logan Lucky,https://fmovies.to/film/logan-lucky.oooj4,2020-07-15,865
Miami Bici,https://fmovies.to/film/miami-bici.mvy97,2020-07-15,866
The Code,https://fmovies.to/film/the-code.xjm23,2020-07-15,867
Boarding House 2,https://fmovies.to/film/boarding-house-2.0743,2020-07-15,868
Mulan,https://fmovies.to/film/mulan.4mmo,2020-07-15,869
The Blind Side,https://fmovies.to/film/the-blind-side.03o3,2020-07-15,870
The Amazing Spider-Man 2,https://fmovies.to/film/the-amazing-spider-man-2.9onq,2020-07-15,871
High School Musical,https://fmovies.to/film/high-school-musical.vxn6,2020-07-15,873
Deep Blue Sea 2,https://fmovies.to/film/deep-blue-sea-2.yk360,2020-07-15,874
Below Her Mouth,https://fmovies.to/film/below-her-mouth.6lk0z,2020-07-15,875
The Dictator,https://fmovies.to/film/the-dictator.2x8l,2020-07-15,876
Queen of Hearts,https://fmovies.to/film/queen-of-hearts.3ppx2,2020-07-15,878
Wonder Woman: Bloodlines,https://fmovies.to/film/wonder-woman-bloodlines.w5qok,2020-07-15,879
How The Grinch Stole Christmas,https://fmovies.to/film/how-the-grinch-stole-christmas.l1pq,2020-07-15,880
Kubo and the Two Strings,https://fmovies.to/film/kubo-and-the-two-strings.xrj4w,2020-07-15,882
Dave,https://fmovies.to/film/dave.2pz04,2020-07-15,883
Proud Mary,https://fmovies.to/film/proud-mary.v5jw6,2020-07-15,884
The Mustang,https://fmovies.to/film/the-mustang.90ll8,2020-07-15,885
Life,https://fmovies.to/film/life.809on,2020-07-15,888
My Uncle's Wife,https://fmovies.to/film/my-uncles-wife.4j26x,2020-07-15,889
Sex Doll,https://fmovies.to/film/sex-doll.llzw3,2020-07-15,890
Fifty Shades Of Black,https://fmovies.to/film/fifty-shades-of-black.5360,2020-07-15,891
Always Be My Maybe,https://fmovies.to/film/always-be-my-maybe.1q22x,2020-07-15,893
Emergence,https://fmovies.to/film/emergence.42267,2020-07-15,895
21 Jump Street,https://fmovies.to/film/21-jump-street.2v8l,2020-07-15,896
The Nice Guys,https://fmovies.to/film/the-nice-guys.oyly,2020-07-15,897
Slender Man,https://fmovies.to/film/slender-man.qk35w,2020-07-15,898
Unplanned,https://fmovies.to/film/unplanned.37j72,2020-07-15,899
Just Mercy,https://fmovies.to/film/just-mercy.yv2zj,2020-07-15,900
Olympus Has Fallen,https://fmovies.to/film/olympus-has-fallen.63z7,2020-07-15,901
The Informer,https://fmovies.to/film/the-informer.npkkk,2020-07-15,902
The Big Short,https://fmovies.to/film/the-big-short.q8k5,2020-07-15,903
Rim of the World,https://fmovies.to/film/rim-of-the-world.oo1wj,2020-07-15,904
Patrick Melrose,https://fmovies.to/film/patrick-melrose.wo4k6,2020-07-15,905
X-Men: First Class,https://fmovies.to/film/x-men-first-class.6l97,2020-07-15,907
The Lego Batman Movie,https://fmovies.to/film/the-lego-batman-movie.w1vvk,2020-07-15,908
Blood & Treasure,https://fmovies.to/film/blood-treasure.9285n,2020-07-15,909
Origin,https://fmovies.to/film/origin.6vqqp,2020-07-15,910
3D Sex And Zen Extreme Ecstasy,https://fmovies.to/film/3d-sex-and-zen-extreme-ecstasy.0455,2020-07-15,911
X-Rated: The Greatest Adult Movies of All Time,https://fmovies.to/film/x-rated-the-greatest-adult-movies-of-all-time.yzz0,2020-07-15,912
The Hot Zone,https://fmovies.to/film/the-hot-zone.pj304,2020-07-15,914
Goodfellas,https://fmovies.to/film/goodfellas.yq6z,2020-07-15,915
Snowpiercer,https://fmovies.to/film/snowpiercer.yv660,2020-07-15,916
Saving Private Ryan,https://fmovies.to/film/saving-private-ryan.w107,2020-07-15,917
Kevin Hart: Irresponsible,https://fmovies.to/film/kevin-hart-irresponsible.8no2y,2020-07-15,918
What Now?,https://fmovies.to/film/what-now.yq81j,2020-07-15,919
The Good Dinosaur,https://fmovies.to/film/the-good-dinosaur.78m1,2020-07-15,920
All the Money in the World,https://fmovies.to/film/all-the-money-in-the-world.0rxp9,2020-07-15,921
Mortal Kombat Legends: Scorpion's Revenge,https://fmovies.to/film/mortal-kombat-legends-scorpions-revenge.w5knk,2020-07-15,922
The Pursuit Of Happyness,https://fmovies.to/film/the-pursuit-of-happyness.jlln,2020-07-15,923
Spenser Confidential,https://fmovies.to/film/spenser-confidential.9071x,2020-07-15,925
The Spanish Princess,https://fmovies.to/film/the-spanish-princess.l3z0z,2020-07-15,928
Student Of The Year,https://fmovies.to/film/student-of-the-year.xlvv,2020-07-15,930
Rush Hour 1,https://fmovies.to/film/rush-hour-1.54j,2020-07-15,931
Teen Titans Go! To the Movies,https://fmovies.to/film/teen-titans-go-to-the-movies.0r8x9,2020-07-15,933
The Queen's Corgi,https://fmovies.to/film/the-queens-corgi.6v2q7,2020-07-15,934
Bajrangi Bhaijaan,https://fmovies.to/film/bajrangi-bhaijaan.3v36,2020-07-15,935
Like a Boss,https://fmovies.to/film/like-a-boss.lr8yn,2020-07-15,936
How to Train Your Dragon: Homecoming,https://fmovies.to/film/how-to-train-your-dragon-homecoming.2pwk2,2020-07-15,937
Lie with Me,https://fmovies.to/film/lie-with-me.4n1j,2020-07-15,938
The Infiltrator,https://fmovies.to/film/the-infiltrator.7nq7,2020-07-15,939
Jurassic Park,https://fmovies.to/film/jurassic-park.xrm8,2020-07-15,940
The Disaster Artist,https://fmovies.to/film/the-disaster-artist.927vq,2020-07-15,941
Ted,https://fmovies.to/film/ted.r45p,2020-07-15,942
The Huntsman: Winter's War,https://fmovies.to/film/the-huntsman-winters-war.7pz8,2020-07-15,944
Tall Girl,https://fmovies.to/film/tall-girl.0qqo5,2020-07-15,945
Home Again,https://fmovies.to/film/home-again.oo4yy,2020-07-15,946
Gangs of London,https://fmovies.to/film/gangs-of-london.6w3r0,2020-07-15,947
Rush Hour 2,https://fmovies.to/film/rush-hour-2.pr86,2020-07-15,948
Desire,https://fmovies.to/film/desire.923on,2020-07-15,950
Adrift,https://fmovies.to/film/adrift.ykryz,2020-07-15,951
The Man Who Knew Infinity,https://fmovies.to/film/the-man-who-knew-infinity.7jm9y,2020-07-15,952
The Karate Kid,https://fmovies.to/film/the-karate-kid.oq2z,2020-07-15,955
Point Blank,https://fmovies.to/film/point-blank.v9vml,2020-07-15,956
Don't Let Go,https://fmovies.to/film/dont-let-go.42jkm,2020-07-15,958
"Three Billboards Outside Ebbing, Missouri",https://fmovies.to/film/three-billboards-outside-ebbing-missouri.jjzj4,2020-07-15,959
Taboo,https://fmovies.to/film/taboo.qxr03,2020-07-15,960
Swamp Thing,https://fmovies.to/film/swamp-thing.kwprw,2020-07-15,961
Blended,https://fmovies.to/film/blended.7j06,2020-07-15,962
Acts of Violence,https://fmovies.to/film/acts-of-violence.rj6kq,2020-07-15,963
Unbelievable,https://fmovies.to/film/unbelievable.mvvyz,2020-07-15,966
Apocalypto,https://fmovies.to/film/apocalypto.w6o6,2020-07-15,967
Grown Ups 2,https://fmovies.to/film/grown-ups-2.qkpj,2020-07-15,968
The Last Song,https://fmovies.to/film/the-last-song.ly1z,2020-07-15,969
My Wife and Kids,https://fmovies.to/film/my-wife-and-kids.6z94,2020-07-15,970
X-Men Origins: Wolverine,https://fmovies.to/film/x-men-origins-wolverine.52rj,2020-07-15,971
The Princess And The Frog,https://fmovies.to/film/the-princess-and-the-frog.3x08,2020-07-15,972
Steven Universe: The Movie,https://fmovies.to/film/steven-universe-the-movie.3ppq6,2020-07-15,973
Strange Hair Salon,https://fmovies.to/film/strange-hair-salon.pmzx,2020-07-15,974
Downton Abbey,https://fmovies.to/film/downton-abbey.k3344,2020-07-15,975
A Beautiful Day in the Neighborhood,https://fmovies.to/film/a-beautiful-day-in-the-neighborhood.zxwyl,2020-07-15,976
After Porn Ends 2,https://fmovies.to/film/after-porn-ends-2.6l6rp,2020-07-15,977
Penny Dreadful: City of Angels,https://fmovies.to/film/penny-dreadful-city-of-angels.k31n4,2020-07-15,978
What/If,https://fmovies.to/film/whatif.8n6vv,2020-07-15,979
The Girl on the Train,https://fmovies.to/film/the-girl-on-the-train.rl4vn,2020-07-15,980
Ride Along 2,https://fmovies.to/film/ride-along-2.oj85,2020-07-15,981
24,https://fmovies.to/film/24.5jzm,2020-07-15,982
Playing with Fire,https://fmovies.to/film/playing-with-fire.ppw46,2020-07-15,983
Freaks,https://fmovies.to/film/freaks.xv2kv,2020-07-15,984
Project X,https://fmovies.to/film/project-x.nw4k,2020-07-15,985
Locke & Key,https://fmovies.to/film/locke-key.k38xv,2020-07-15,986
Togo,https://fmovies.to/film/togo.pp45q,2020-07-15,987
The Aeronauts,https://fmovies.to/film/the-aeronauts.3p9r8,2020-07-15,988
The Cloverfield Paradox,https://fmovies.to/film/the-cloverfield-paradox.oo0p8,2020-07-15,989
The Widow,https://fmovies.to/film/the-widow.z1m6w,2020-07-15,990
Magic Mike XXL,https://fmovies.to/film/magic-mike-xxl.y6z,2020-07-15,992
Jett,https://fmovies.to/film/jett.qnl3w,2020-07-15,993
The Hurricane Heist,https://fmovies.to/film/the-hurricane-heist.5k7xj,2020-07-15,994
Euphoria,https://fmovies.to/film/euphoria.jjko3,2020-07-15,996
FBI: Most Wanted,https://fmovies.to/film/fbi-most-wanted.2pvx5,2020-07-15,997
Superman: Red Son,https://fmovies.to/film/superman-red-son.6wz5z,2020-07-15,998
"""Sherlock"" The Abominable Bride",https://fmovies.to/film/sherlock-the-abominable-bride.8zyv,2020-07-15,999
The Princess Switch,https://fmovies.to/film/the-princess-switch.7wrv6,2020-07-15,1000
My Spy,https://fmovies.to/film/my-spy.72yoj,2020-07-15,1001
Deputy,https://fmovies.to/film/deputy.59v2j,2020-07-15,1002
The Kid,https://fmovies.to/film/the-kid.7w4r7,2020-07-15,1003
Jack Reacher,https://fmovies.to/film/jack-reacher.l6m3,2020-07-15,1004
47 Meters Down,https://fmovies.to/film/47-meters-down.rl58m,2020-07-15,1005
2 Fast 2 Furious,https://fmovies.to/film/2-fast-2-furious.jjmy,2020-07-15,1006
"Hello, Love, Goodbye",https://fmovies.to/film/hello-love-goodbye.jpj7y,2020-07-15,1007
9-1-1: Lone Star,https://fmovies.to/film/9-1-1-lone-star.mvz17,2020-07-15,1009
K.G.F: Chapter 1,https://fmovies.to/film/kgf-chapter-1.nrlyk,2020-07-15,1010
I Spit on Your Grave: Deja Vu,https://fmovies.to/film/i-spit-on-your-grave-deja-vu.297kq,2020-07-15,1011
Despicable Me,https://fmovies.to/film/despicable-me.z1zm,2020-07-15,1012
Carol,https://fmovies.to/film/carol.2jyl,2020-07-15,1013
Hitman: Agent 47,https://fmovies.to/film/hitman-agent-47.oq8,2020-07-15,1014
Crypto,https://fmovies.to/film/crypto.mq0y7,2020-07-15,1015
Sex Weather,https://fmovies.to/film/sex-weather.yk4qz,2020-07-15,1016
Despicable Me 2,https://fmovies.to/film/despicable-me-2.yk6z,2020-07-15,1017
Dilwale Dulhania Le Jayenge,https://fmovies.to/film/dilwale-dulhania-le-jayenge.myvp,2020-07-15,1018
A Cinderella Story: If the Shoe Fits,https://fmovies.to/film/a-cinderella-story-if-the-shoe-fits.jok8,2020-07-15,1019
Gangs Of Wasseypur 2,https://fmovies.to/film/gangs-of-wasseypur-2.m29x,2020-07-15,1020
Terminator Genisys,https://fmovies.to/film/terminator-genisys.5nv,2020-07-15,1021
The Proposal,https://fmovies.to/film/the-proposal.wkn6,2020-07-15,1022
Lying and Stealing,https://fmovies.to/film/lying-and-stealing.ppryq,2020-07-15,1023
300,https://fmovies.to/film/300.3y46,2020-07-15,1024
Kapoor and Sons,https://fmovies.to/film/kapoor-and-sons.v4pl,2020-07-15,1026
Sex Life,https://fmovies.to/film/sex-life.oxox8,2020-07-15,1027
My Hero Academia: Two Heroes,https://fmovies.to/film/my-hero-academia-two-heroes.7wql7,2020-07-15,1028
The Wolverine,https://fmovies.to/film/the-wolverine.7jm7,2020-07-15,1030
Jacob's Ladder,https://fmovies.to/film/jacobs-ladder.xvjnv,2020-07-15,1031
On That Night... While We Dream,https://fmovies.to/film/on-that-night-while-we-dream.37x2y,2020-07-15,1032
Suicide Squad: Hell to Pay,https://fmovies.to/film/suicide-squad-hell-to-pay.wo3qo,2020-07-15,1033
Next Friday,https://fmovies.to/film/next-friday.wqwk,2020-07-15,1035
Rush Hour 3,https://fmovies.to/film/rush-hour-3.328,2020-07-15,1036
The Brave,https://fmovies.to/film/the-brave.7w2v8,2020-07-15,1037
Status Update,https://fmovies.to/film/status-update.mq5op,2020-07-15,1038
Baaghi 2,https://fmovies.to/film/baaghi-2.298q4,2020-07-15,1039
"Crazy, Stupid, Love.",https://fmovies.to/film/crazy-stupid-love.091k,2020-07-15,1040
Taken,https://fmovies.to/film/taken.z883,2020-07-15,1041
Insidious,https://fmovies.to/film/insidious.qjkw,2020-07-15,1042
Ouija: Origin of Evil,https://fmovies.to/film/ouija-origin-of-evil.zlqrw,2020-07-15,1043
The Sun Is Also a Star,https://fmovies.to/film/the-sun-is-also-a-star.ppjm6,2020-07-15,1045
Falling Inn Love,https://fmovies.to/film/falling-inn-love.yvklp,2020-07-15,1046
Disobedience,https://fmovies.to/film/disobedience.l3rqq,2020-07-15,1047
The King,https://fmovies.to/film/the-king.59wlj,2020-07-15,1049
How to Be Single,https://fmovies.to/film/how-to-be-single.0733,2020-07-15,1050
Dragon Ball Z: Resurrection 'F',https://fmovies.to/film/dragon-ball-z-resurrection-f.57rv,2020-07-15,1051
Frozen Fever,https://fmovies.to/film/frozen-fever.o85,2020-07-15,1052
Percy Jackson: Sea Of Monsters,https://fmovies.to/film/percy-jackson-sea-of-monsters.wqo6,2020-07-15,1053
The Boy,https://fmovies.to/film/the-boy.93pm,2020-07-15,1054
Late Night,https://fmovies.to/film/late-night.2pp95,2020-07-15,1055
Mother!,https://fmovies.to/film/mother.1rq8q,2020-07-15,1056
Tiger King,https://fmovies.to/film/tiger-king.qn2rj,2020-07-15,1058
Padmaavat,https://fmovies.to/film/padmaavat.8n82q,2020-07-15,1059
Cosmic Sex,https://fmovies.to/film/cosmic-sex.5zyq,2020-07-15,1060
Never Have I Ever,https://fmovies.to/film/never-have-i-ever.4273x,2020-07-15,1061
Death Race 4: Beyond Anarchy,https://fmovies.to/film/death-race-4-beyond-anarchy.v50j2,2020-07-15,1062
Casino Royale,https://fmovies.to/film/casino-royale.5lj,2020-07-15,1063
The Righteous Gemstones,https://fmovies.to/film/the-righteous-gemstones.w5o3l,2020-07-15,1064
Dolemite Is My Name,https://fmovies.to/film/dolemite-is-my-name.qnz05,2020-07-15,1065
Adventures of Aladdin,https://fmovies.to/film/adventures-of-aladdin.l3v6m,2020-07-15,1066
McMafia,https://fmovies.to/film/mcmafia.oo81z,2020-07-15,1067
American Pie,https://fmovies.to/film/american-pie.zkk3,2020-07-15,1068
The Hole in the Ground,https://fmovies.to/film/the-hole-in-the-ground.29l15,2020-07-15,1070
Dawn Of The Planet Of The Apes,https://fmovies.to/film/dawn-of-the-planet-of-the-apes.v5o6,2020-07-15,1071
Shrek 2,https://fmovies.to/film/shrek-2.3p06,2020-07-15,1072
Maria,https://fmovies.to/film/maria.8n65q,2020-07-15,1073
The Purge: Anarchy,https://fmovies.to/film/the-purge-anarchy.pwmj,2020-07-15,1074
Fam,https://fmovies.to/film/fam.4jnvx,2020-07-15,1075
Defending Jacob,https://fmovies.to/film/defending-jacob.yvm7z,2020-07-15,1076
Angel,https://fmovies.to/film/angel.n4kn,2020-07-15,1077
The Courier,https://fmovies.to/film/the-courier.k3976,2020-07-15,1080
Dragon Ball GT,https://fmovies.to/film/dragon-ball-gt.8nrq,2020-07-15,1081
The Professor and the Madman,https://fmovies.to/film/the-professor-and-the-madman.7wn3y,2020-07-15,1082
The Hunger Games: Mockingjay 1,https://fmovies.to/film/the-hunger-games-mockingjay-1.mqmx,2020-07-15,1083
Curiosa,https://fmovies.to/film/curiosa.rwwqp,2020-07-15,1084
The Shining,https://fmovies.to/film/the-shining.kwl6,2020-07-15,1085
Flu,https://fmovies.to/film/flu.z6q2,2020-07-15,1086
Motherless Brooklyn,https://fmovies.to/film/motherless-brooklyn.v97v7,2020-07-15,1087
Dil Dhadakne Do,https://fmovies.to/film/dil-dhadakne-do.11mm,2020-07-15,1088
"I, Tonya",https://fmovies.to/film/i-tonya.woyq6,2020-07-15,1089
Destroyer,https://fmovies.to/film/destroyer.7w6mj,2020-07-15,1090
Insidious: Chapter 2,https://fmovies.to/film/insidious-chapter-2.zp2w,2020-07-15,1093
BoBoiBoy: The Movie,https://fmovies.to/film/boboiboy-the-movie.7p97,2020-07-15,1094
Percy Jackson And The Olympians: The Lightning Thief,https://fmovies.to/film/percy-jackson-and-the-olympians-the-lightning-thief.vq57,2020-07-15,1095
The Princess Diaries,https://fmovies.to/film/the-princess-diaries.xn1w,2020-07-15,1096
The Longest Ride,https://fmovies.to/film/the-longest-ride.pj4,2020-07-15,1097
Jab Tak Hai Jaan,https://fmovies.to/film/jab-tak-hai-jaan.k6v9,2020-07-15,1098
Snowden,https://fmovies.to/film/snowden.m2jyz,2020-07-15,1099
The Great Gatsby,https://fmovies.to/film/the-great-gatsby.5xm0,2020-07-15,1100
Resident Evil: The Final Chapter,https://fmovies.to/film/resident-evil-the-final-chapter.jvy3y,2020-07-15,1101
A Tasty Trap,https://fmovies.to/film/a-tasty-trap.wqml,2020-07-15,1102
Yeh Jawaani Hai Deewani,https://fmovies.to/film/yeh-jawaani-hai-deewani.o5m8,2020-07-15,1103
Extinction,https://fmovies.to/film/extinction.295p0,2020-07-15,1104
Kingsglaive: Final Fantasy XV,https://fmovies.to/film/kingsglaive-final-fantasy-xv.yqqoj,2020-07-15,1105
Black Christmas,https://fmovies.to/film/black-christmas.np928,2020-07-15,1108
Jumanji,https://fmovies.to/film/jumanji.z8x2,2020-07-15,1110
Terminator 2: Judgment Day,https://fmovies.to/film/terminator-2-judgment-day.6l80,2020-07-15,1111
Step Brothers,https://fmovies.to/film/step-brothers.0085,2020-07-15,1112
The Outpost,https://fmovies.to/film/the-outpost.6w4r0,2020-07-15,1113
Limitless,https://fmovies.to/film/limitless.00lr,2020-07-15,1114
The Post,https://fmovies.to/film/the-post.5ky69,2020-07-15,1115
The Matrix Reloaded,https://fmovies.to/film/the-matrix-reloaded.kw66,2020-07-15,1116
You Were Never Really Here,https://fmovies.to/film/you-were-never-really-here.pj45q,2020-07-15,1117
Set It Up,https://fmovies.to/film/set-it-up.rjk3m,2020-07-15,1118
300: Rise Of An Empire,https://fmovies.to/film/300-rise-of-an-empire.0mok,2020-07-15,1119
The Outfield,https://fmovies.to/film/the-outfield.ronp,2020-07-15,1120
The Dark Crystal: Age of Resistance,https://fmovies.to/film/the-dark-crystal-age-of-resistance.oxo2j,2020-07-15,1121
The Thinning,https://fmovies.to/film/the-thinning.kw2v6,2020-07-15,1122
Taken 3,https://fmovies.to/film/taken-3.1rqx,2020-07-15,1123
Little Fires Everywhere,https://fmovies.to/film/little-fires-everywhere.rw98q,2020-07-15,1124
The Edge of Seventeen,https://fmovies.to/film/the-edge-of-seventeen.4q577,2020-07-15,1125
Darkest Hour,https://fmovies.to/film/darkest-hour.4jzvo,2020-07-15,1126
Mr. And Mrs. Smith,https://fmovies.to/film/mr-and-mrs-smith.7w3j,2020-07-15,1127
Charlie And The Chocolate Factory,https://fmovies.to/film/charlie-and-the-chocolate-factory.v202,2020-07-15,1128
Servant,https://fmovies.to/film/servant.8x1rq,2020-07-15,1129
Bridget Jones's Baby,https://fmovies.to/film/bridget-joness-baby.rlooy,2020-07-15,1131
Shrek 1,https://fmovies.to/film/shrek-1.59wq,2020-07-15,1132
Master Z: The Ip Man Legacy,https://fmovies.to/film/master-z-the-ip-man-legacy.jj4x2,2020-07-15,1134
The Rookie,https://fmovies.to/film/the-rookie.nln8,2020-07-15,1136
Eli,https://fmovies.to/film/eli.8x24y,2020-07-15,1138
Fury,https://fmovies.to/film/fury.oo65,2020-07-15,1139
Bad Boys 2,https://fmovies.to/film/bad-boys-2.6xyp,2020-07-15,1140
Emma.,https://fmovies.to/film/emma.1q9wm,2020-07-15,1142
Sanditon,https://fmovies.to/film/sanditon.jpj9y,2020-07-15,1143
Life Sentence,https://fmovies.to/film/life-sentence.nrm5k,2020-07-15,1144
2012,https://fmovies.to/film/2012.2q8l,2020-07-15,1146
Limitless,https://fmovies.to/film/limitless.knr,2020-07-15,1147
Good Will Hunting,https://fmovies.to/film/good-will-hunting.2o60,2020-07-15,1148
Bombshell,https://fmovies.to/film/bombshell.72x81,2020-07-15,1149
The Space Between Us,https://fmovies.to/film/the-space-between-us.zlpwl,2020-07-15,1150
Brahms: The Boy II,https://fmovies.to/film/brahms-the-boy-ii.ppyzx,2020-07-15,1152
The Silence Of The Lambs,https://fmovies.to/film/the-silence-of-the-lambs.n35j,2020-07-15,1154
Legend,https://fmovies.to/film/legend.0vl5,2020-07-15,1156
Batman Ninja,https://fmovies.to/film/batman-ninja.v54p6,2020-07-15,1158
The Pacific,https://fmovies.to/film/the-pacific.n88k,2020-07-15,1159
Smurfs: The Lost Village,https://fmovies.to/film/smurfs-the-lost-village.3rnky,2020-07-15,1160
The Polar Express,https://fmovies.to/film/the-polar-express.z1w3,2020-07-15,1161
Reef Break,https://fmovies.to/film/reef-break.yv1oj,2020-07-15,1162
Messiah,https://fmovies.to/film/messiah.zx8r2,2020-07-15,1163
Mersal,https://fmovies.to/film/mersal.5kv59,2020-07-15,1165
X-Men: The Last Stand,https://fmovies.to/film/x-men-the-last-stand.4qrm,2020-07-15,1166
The Professor,https://fmovies.to/film/the-professor.mqxlp,2020-07-15,1167
3 from Hell,https://fmovies.to/film/3-from-hell.xv1p8,2020-07-15,1168
Mixed-ish,https://fmovies.to/film/mixed-ish.k33rr,2020-07-15,1169
The Red Sea Diving Resort,https://fmovies.to/film/the-red-sea-diving-resort.8xnko,2020-07-15,1170
Goosebumps,https://fmovies.to/film/goosebumps.1wmp,2020-07-15,1171
Kung Fu Panda: The Paws of Destiny,https://fmovies.to/film/kung-fu-panda-the-paws-of-destiny.l3qzn,2020-07-15,1172
Hanna,https://fmovies.to/film/hanna.5j7j,2020-07-15,1173
Gentleman Jack,https://fmovies.to/film/gentleman-jack.oo25z,2020-07-15,1174
House,https://fmovies.to/film/house.3r969,2020-07-15,1175
Fast Colour,https://fmovies.to/film/fast-colour.l3v86,2020-07-15,1178
The Hangover 2,https://fmovies.to/film/the-hangover-2.3xqy,2020-07-15,1180
Doctor Strange,https://fmovies.to/film/doctor-strange.mw4p,2020-07-15,1182
Someone Great,https://fmovies.to/film/someone-great.nr10l,2020-07-15,1183
A Different World,https://fmovies.to/film/a-different-world.l4mn,2020-07-15,1184
Take Two,https://fmovies.to/film/take-two.wopno,2020-07-15,1185
Picture of Beauty,https://fmovies.to/film/picture-of-beauty.ooq08,2020-07-15,1186
Bridge Of Spies,https://fmovies.to/film/bridge-of-spies.rw9q,2020-07-15,1187
Free State of Jones,https://fmovies.to/film/free-state-of-jones.5lw0,2020-07-15,1188
Romance,https://fmovies.to/film/romance.rlrvn,2020-07-15,1190
Home,https://fmovies.to/film/home.oo4,2020-07-15,1191
Spirited Away,https://fmovies.to/film/spirited-away.zl6m,2020-07-15,1194
Hostiles,https://fmovies.to/film/hostiles.v5044,2020-07-15,1195
After Porn Ends 3,https://fmovies.to/film/after-porn-ends-3.29mzq,2020-07-15,1196
Cars 2,https://fmovies.to/film/cars-2.ln2n,2020-07-15,1197
Keanu,https://fmovies.to/film/keanu.8m3q,2020-07-15,1198
The Defenders,https://fmovies.to/film/the-defenders.pjrl9,2020-07-15,1199
Beats,https://fmovies.to/film/beats.59rjm,2020-07-15,1200
Into the Ashes,https://fmovies.to/film/into-the-ashes.lrl7q,2020-07-15,1201
Love Actually,https://fmovies.to/film/love-actually.wqn4,2020-07-15,1202
Love Lesson,https://fmovies.to/film/love-lesson.79n1,2020-07-15,1203
Brave,https://fmovies.to/film/brave.o41z,2020-07-15,1204
The Lighthouse,https://fmovies.to/film/the-lighthouse.npk5j,2020-07-15,1205
Rockstar,https://fmovies.to/film/rockstar.yq5yz,2020-07-15,1207
The Old Man & the Gun,https://fmovies.to/film/the-old-man-the-gun.0rl5k,2020-07-15,1208
The Crossing,https://fmovies.to/film/the-crossing.jj5n8,2020-07-15,1209
Insidious: Chapter 3,https://fmovies.to/film/insidious-chapter-3.7py,2020-07-15,1210
Comedy Central Roast of Justin Bieber,https://fmovies.to/film/comedy-central-roast-of-justin-bieber.kwx49,2020-07-15,1211
A Vigilante,https://fmovies.to/film/a-vigilante.mq0qz,2020-07-15,1213
The Twilight Zone,https://fmovies.to/film/the-twilight-zone.mvmmv,2020-07-15,1215
Outlaw King,https://fmovies.to/film/outlaw-king.z17v2,2020-07-15,1216
Iron Sky: The Coming Race,https://fmovies.to/film/iron-sky-the-coming-race.yky1x,2020-07-15,1217
Pineapple Express,https://fmovies.to/film/pineapple-express.9j30,2020-07-15,1218
Wayne,https://fmovies.to/film/wayne.5ko3m,2020-07-15,1220
Escape Plan,https://fmovies.to/film/escape-plan.oyz,2020-07-15,1221
Dangal,https://fmovies.to/film/dangal.kw6zw,2020-07-15,1222
It,https://fmovies.to/film/it.0rqr7,2020-07-15,1223
The Handmaid's Tale,https://fmovies.to/film/the-handmaids-tale.1np2x,2020-07-15,1224
The Child in Time,https://fmovies.to/film/the-child-in-time.v5872,2020-07-15,1225
Ocean's Eleven,https://fmovies.to/film/oceans-eleven.xw8,2020-07-15,1226
Dr. Phil,https://fmovies.to/film/dr-phil.912x,2020-07-15,1227
Slumdog Millionaire,https://fmovies.to/film/slumdog-millionaire.mzqx,2020-07-15,1228
Underworld: Blood Wars,https://fmovies.to/film/underworld-blood-wars.1nwlp,2020-07-15,1229
Se7en,https://fmovies.to/film/se7en.xr03,2020-07-15,1230
10x10,https://fmovies.to/film/10x10.8n463,2020-07-15,1231
Swiss Army Man,https://fmovies.to/film/swiss-army-man.n3k88,2020-07-15,1232
How It Ends,https://fmovies.to/film/how-it-ends.mq7rz,2020-07-15,1233
Captain Underpants: The First Epic Movie,https://fmovies.to/film/captain-underpants-the-first-epic-movie.vvkj6,2020-07-15,1234
Teen Titans Go! Vs. Teen Titans,https://fmovies.to/film/teen-titans-go-vs-teen-titans.zxxpw,2020-07-15,1235
I Am Legend,https://fmovies.to/film/i-am-legend.3xv6,2020-07-15,1238
Laid in America,https://fmovies.to/film/laid-in-america.8028y,2020-07-15,1239
Twin Peaks,https://fmovies.to/film/twin-peaks.80r8q,2020-07-15,1240
The Treacherous,https://fmovies.to/film/the-treacherous.2omx0,2020-07-15,1241
Motherland: Fort Salem,https://fmovies.to/film/motherland-fort-salem.6wyo9,2020-07-15,1242
Sex Files: Pleasure World,https://fmovies.to/film/sex-files-pleasure-world.mxl7,2020-07-15,1243
The Peanut Butter Falcon,https://fmovies.to/film/the-peanut-butter-falcon.k3k29,2020-07-15,1244
The Brothers Grimsby,https://fmovies.to/film/the-brothers-grimsby.m7x8,2020-07-15,1245
Skyfall,https://fmovies.to/film/skyfall.9ym8,2020-07-15,1247
Diario de una ninfómana,https://fmovies.to/film/diario-de-una-ninfomana.6k87,2020-07-15,1250
High Life,https://fmovies.to/film/high-life.37jk9,2020-07-15,1251
Back To The Future,https://fmovies.to/film/back-to-the-future.r07p,2020-07-15,1253
Mamma Mia!,https://fmovies.to/film/mamma-mia.kzm6,2020-07-15,1255
In the Tall Grass,https://fmovies.to/film/in-the-tall-grass.1q7nx,2020-07-15,1256
Bad Boys,https://fmovies.to/film/bad-boys.p4y4,2020-07-15,1257
USS Indianapolis: Men of Courage,https://fmovies.to/film/uss-indianapolis-men-of-courage.kw3r6,2020-07-15,1258
Friday After Next,https://fmovies.to/film/friday-after-next.x12z,2020-07-15,1259
Monsters University,https://fmovies.to/film/monsters-university.w547,2020-07-15,1261
The Christmas Chronicles,https://fmovies.to/film/the-christmas-chronicles.92wp0,2020-07-15,1262
Spider-Man 2,https://fmovies.to/film/spider-man-2.6lkz,2020-07-15,1263
Olaf's Frozen Adventure,https://fmovies.to/film/olafs-frozen-adventure.rj40q,2020-07-15,1264
Her,https://fmovies.to/film/her.8l9y,2020-07-15,1266
Mission: Impossible - Ghost Protocol,https://fmovies.to/film/mission-impossible-ghost-protocol.n5j,2020-07-15,1267
High School Musical 3: Senior Year,https://fmovies.to/film/high-school-musical-3-senior-year.o4k5,2020-07-15,1268
8 Mile,https://fmovies.to/film/8-mile.jwn4,2020-07-15,1271
Gabbar Is Back,https://fmovies.to/film/gabbar-is-back.0v6k,2020-07-15,1273
The Good Doctor,https://fmovies.to/film/the-good-doctor.ojmz4,2020-07-15,1274
The Princess Diaries 2: Royal Engagement,https://fmovies.to/film/the-princess-diaries-2-royal-engagement.nx8l,2020-07-15,1276
In the Shadow of the Moon,https://fmovies.to/film/in-the-shadow-of-the-moon.jpp4y,2020-07-15,1277
The Art of Self-Defense,https://fmovies.to/film/the-art-of-self-defense.yvj1p,2020-07-15,1278
Killers Anonymous,https://fmovies.to/film/killers-anonymous.yv1lp,2020-07-15,1280
211,https://fmovies.to/film/211.xjqpw,2020-07-15,1282
The Art of Racing in the Rain,https://fmovies.to/film/the-art-of-racing-in-the-rain.0qrx5,2020-07-15,1283
Kickboxer: Retaliation,https://fmovies.to/film/kickboxer-retaliation.z1q53,2020-07-15,1284
The Last Summer,https://fmovies.to/film/the-last-summer.woljk,2020-07-15,1286
Sleeping Beauties,https://fmovies.to/film/sleeping-beauties.wo926,2020-07-15,1287
The Choice,https://fmovies.to/film/the-choice.x068,2020-07-15,1289
Richard Jewell,https://fmovies.to/film/richard-jewell.0q9v5,2020-07-15,1291
Sex Tape,https://fmovies.to/film/sex-tape.wk7,2020-07-15,1292
Spy,https://fmovies.to/film/spy.prj4,2020-07-15,1293
Sex in Strange Places,https://fmovies.to/film/sex-in-strange-places.qkx73,2020-07-15,1294
The Great Hack,https://fmovies.to/film/the-great-hack.lrloz,2020-07-15,1295
Dracula,https://fmovies.to/film/dracula.59vrj,2020-07-15,1297
The Death and Return of Superman,https://fmovies.to/film/the-death-and-return-of-superman.w55j6,2020-07-15,1298
Secret Superstar,https://fmovies.to/film/secret-superstar.xj26q,2020-07-15,1299
Once Upon A Time,https://fmovies.to/film/once-upon-a-time.37v5r,2020-07-15,1300
The Man From U N C L E,https://fmovies.to/film/the-man-from-u-n-c-l-e.w84,2020-07-15,1301
Friday Night Lights,https://fmovies.to/film/friday-night-lights.4z27,2020-07-15,1302
10 Minutes Gone,https://fmovies.to/film/10-minutes-gone.6wwp4,2020-07-15,1303
Proven Innocent,https://fmovies.to/film/proven-innocent.v569l,2020-07-15,1304
Scarface,https://fmovies.to/film/scarface.n3jj,2020-07-15,1305
Half Girlfriend,https://fmovies.to/film/half-girlfriend.pj8rj,2020-07-15,1306
The Turning,https://fmovies.to/film/the-turning.yv8z1,2020-07-15,1307
Wind River,https://fmovies.to/film/wind-river.z1r03,2020-07-15,1308
Dragon Kingdom,https://fmovies.to/film/dragon-kingdom.5kq6q,2020-07-15,1309
The Wandering Earth,https://fmovies.to/film/the-wandering-earth.z190p,2020-07-15,1310
Real Steel,https://fmovies.to/film/real-steel.4x9o,2020-07-15,1311
Backdraft 2,https://fmovies.to/film/backdraft-2.jjx5y,2020-07-15,1314
Beauty And The Beast,https://fmovies.to/film/beauty-and-the-beast.jvry,2020-07-15,1315
Primal,https://fmovies.to/film/primal.0q0m7,2020-07-15,1316
The Godfather 2,https://fmovies.to/film/the-godfather-2.r8pq,2020-07-15,1317
Another Cinderella Story,https://fmovies.to/film/another-cinderella-story.6xmz,2020-07-15,1318
If Beale Street Could Talk,https://fmovies.to/film/if-beale-street-could-talk.qkorn,2020-07-15,1319
Knock Knock,https://fmovies.to/film/knock-knock.0q23,2020-07-15,1321
That's My Boy,https://fmovies.to/film/thats-my-boy.m5q7,2020-07-15,1322
Room in Rome,https://fmovies.to/film/room-in-rome.67y4,2020-07-15,1323
The Handmaiden,https://fmovies.to/film/the-handmaiden.1nryp,2020-07-15,1325
Chips,https://fmovies.to/film/chips.qx043,2020-07-15,1326
Kung Fu Panda,https://fmovies.to/film/kung-fu-panda.5vxj,2020-07-15,1328
Lone Survivor,https://fmovies.to/film/lone-survivor.6j17,2020-07-15,1329
The Perfect Match,https://fmovies.to/film/the-perfect-match.7l38,2020-07-15,1330
Fukrey Returns,https://fmovies.to/film/fukrey-returns.rjy9y,2020-07-15,1331
How High,https://fmovies.to/film/how-high.71n8,2020-07-15,1332
Revenge Porn,https://fmovies.to/film/revenge-porn.9olo8,2020-07-15,1333
The Vow,https://fmovies.to/film/the-vow.39jy,2020-07-15,1334
Hotel Artemis,https://fmovies.to/film/hotel-artemis.8n5yq,2020-07-15,1335
Ben-Hur,https://fmovies.to/film/ben-hur.1n26w,2020-07-15,1336
Meet the Blacks,https://fmovies.to/film/meet-the-blacks.lmkz,2020-07-15,1337
The Departed,https://fmovies.to/film/the-departed.kw64,2020-07-15,1338
Mid90s,https://fmovies.to/film/mid90s.z1jp3,2020-07-15,1340
The Mask,https://fmovies.to/film/the-mask.7xny,2020-07-15,1341
That's So Raven,https://fmovies.to/film/thats-so-raven.1o3m,2020-07-15,1342
Tokyo Ghoul,https://fmovies.to/film/tokyo-ghoul.pm09,2020-07-15,1344
The Divine Fury,https://fmovies.to/film/the-divine-fury.w5oj6,2020-07-15,1345
Awake,https://fmovies.to/film/awake.rwlpo,2020-07-15,1346
Kiss and Kill,https://fmovies.to/film/kiss-and-kill.l385n,2020-07-15,1347
The Snowman,https://fmovies.to/film/the-snowman.5kwz0,2020-07-15,1348
Blood Father,https://fmovies.to/film/blood-father.800ln,2020-07-15,1349
Black Summer,https://fmovies.to/film/black-summer.jjx38,2020-07-15,1350
Mean Girls 2,https://fmovies.to/film/mean-girls-2.k909,2020-07-15,1351
A.I. Rising,https://fmovies.to/film/ai-rising.pj019,2020-07-15,1352
Traffik,https://fmovies.to/film/traffik.0r7y3,2020-07-15,1353
Invasion Planet Earth,https://fmovies.to/film/invasion-planet-earth.jpl12,2020-07-15,1354
Barbershop: A Fresh Cut,https://fmovies.to/film/barbershop-a-fresh-cut.x408,2020-07-15,1355
"The Gangster, the Cop, the Devil",https://fmovies.to/film/the-gangster-the-cop-the-devil.zxlxp,2020-07-15,1356
Menace II Society,https://fmovies.to/film/menace-ii-society.vy16,2020-07-15,1358
Normal People,https://fmovies.to/film/normal-people.ox6ry,2020-07-15,1359
A Fall from Grace,https://fmovies.to/film/a-fall-from-grace.8xlmy,2020-07-15,1360
Oz,https://fmovies.to/film/oz.7xqy,2020-07-15,1361
Outer Banks,https://fmovies.to/film/outer-banks.0q3vk,2020-07-15,1362
Bose: Dead/Alive,https://fmovies.to/film/bose-deadalive.v584l,2020-07-15,1363
Plus One,https://fmovies.to/film/plus-one.ppk6x,2020-07-15,1364
King of Thieves,https://fmovies.to/film/king-of-thieves.xj7xw,2020-07-15,1365
Only Fools and Horses,https://fmovies.to/film/only-fools-and-horses.nx4j,2020-07-15,1366
Newton,https://fmovies.to/film/newton.vvr14,2020-07-15,1367
The Lobster,https://fmovies.to/film/the-lobster.n48k,2020-07-15,1368
The Fix,https://fmovies.to/film/the-fix.kkvvw,2020-07-15,1370
Life of Kylie,https://fmovies.to/film/life-of-kylie.4jqro,2020-07-15,1371
Leprechaun Returns,https://fmovies.to/film/leprechaun-returns.l3o2q,2020-07-15,1372
Money Monster,https://fmovies.to/film/money-monster.k71r,2020-07-15,1373
Constantine,https://fmovies.to/film/constantine.8n8y,2020-07-15,1374
Reprisal,https://fmovies.to/film/reprisal.pjlv6,2020-07-15,1375
When the Bough Breaks,https://fmovies.to/film/when-the-bough-breaks.3r059,2020-07-15,1376
The Sisters Brothers,https://fmovies.to/film/the-sisters-brothers.rjxno,2020-07-15,1377
Kill Mode,https://fmovies.to/film/kill-mode.oxqyy,2020-07-15,1378
Another Life,https://fmovies.to/film/another-life.8x0rv,2020-07-15,1379
Ultraman,https://fmovies.to/film/ultraman.rj5on,2020-07-15,1381
WALL·E,https://fmovies.to/film/walle.prqx,2020-07-15,1382
Kama Sutra: A Tale of Love,https://fmovies.to/film/kama-sutra-a-tale-of-love.m90v,2020-07-15,1383
Eerie,https://fmovies.to/film/eerie.zxlo2,2020-07-15,1384
X-Men 2,https://fmovies.to/film/x-men-2.3rq8,2020-07-15,1385
Homefront,https://fmovies.to/film/homefront.jv78,2020-07-15,1386
Just Go With It,https://fmovies.to/film/just-go-with-it.wyw6,2020-07-15,1388
The Great Battle,https://fmovies.to/film/the-great-battle.l3j1m,2020-07-15,1389
Goodnight Mommy,https://fmovies.to/film/goodnight-mommy.5zq9,2020-07-15,1390
Modern Love,https://fmovies.to/film/modern-love.npkmm,2020-07-15,1391
When We First Met,https://fmovies.to/film/when-we-first-met.5km50,2020-07-15,1392
Fantastic Four,https://fmovies.to/film/fantastic-four.v84,2020-07-15,1393
Top Gun,https://fmovies.to/film/top-gun.vyx4,2020-07-15,1394
Inglourious Basterds,https://fmovies.to/film/inglourious-basterds.7j5y,2020-07-15,1395
Coincidence,https://fmovies.to/film/coincidence.qkvvv,2020-07-15,1396
The Paynes,https://fmovies.to/film/the-paynes.v5j66,2020-07-15,1397
Pixels,https://fmovies.to/film/pixels.530v,2020-07-15,1398
The Man Who Invented Christmas,https://fmovies.to/film/the-man-who-invented-christmas.2939q,2020-07-15,1399
Pimp,https://fmovies.to/film/pimp.kkpq9,2020-07-15,1400
Batman: Bad Blood,https://fmovies.to/film/batman-bad-blood.2jq4,2020-07-15,1401
The Expendables 3,https://fmovies.to/film/the-expendables-3.kxw,2020-07-15,1402
Legally Blonde,https://fmovies.to/film/legally-blonde.zp42,2020-07-15,1403
Youth,https://fmovies.to/film/youth.jp53,2020-07-15,1405
Sistas,https://fmovies.to/film/sistas.591kq,2020-07-15,1406
The Parent Trap,https://fmovies.to/film/the-parent-trap.p484,2020-07-15,1407
Beetlejuice,https://fmovies.to/film/beetlejuice.2wy2,2020-07-15,1408
Final Score,https://fmovies.to/film/final-score.6v6v0,2020-07-15,1409
Silver Shoes,https://fmovies.to/film/silver-shoes.kkk66,2020-07-15,1410
Kickboxer: Vengeance,https://fmovies.to/film/kickboxer-vengeance.2o995,2020-07-15,1411
Need for Speed,https://fmovies.to/film/need-for-speed.jv63,2020-07-15,1412
Fractured,https://fmovies.to/film/fractured.ppmx9,2020-07-15,1413
Good Luck Charlie,https://fmovies.to/film/good-luck-charlie.p87q,2020-07-15,1416
F*&% the Prom,https://fmovies.to/film/f-the-prom.nr808,2020-07-15,1417
The Wolf's Call,https://fmovies.to/film/the-wolfs-call.ox97z,2020-07-15,1418
Isle of Dogs,https://fmovies.to/film/isle-of-dogs.v5zm7,2020-07-15,1419
Kim Possible,https://fmovies.to/film/kim-possible.92kjm,2020-07-15,1420
Ada Apa Dengan Cinta 2,https://fmovies.to/film/ada-apa-dengan-cinta-2.4kjk,2020-07-15,1421
Clueless,https://fmovies.to/film/clueless.3vy6,2020-07-15,1422
High Heel Homicide,https://fmovies.to/film/high-heel-homicide.mqzw7,2020-07-15,1423
The Florida Project,https://fmovies.to/film/the-florida-project.8n7wy,2020-07-15,1424
Tomb Invader,https://fmovies.to/film/tomb-invader.37462,2020-07-15,1425
A Cinderella Story,https://fmovies.to/film/a-cinderella-story.k469,2020-07-15,1426
Ghoul,https://fmovies.to/film/ghoul.jjyyn,2020-07-15,1427
Zoey's Extraordinary Playlist,https://fmovies.to/film/zoeys-extraordinary-playlist.59vxq,2020-07-15,1428
Revenge,https://fmovies.to/film/revenge.yk5pp,2020-07-15,1429
Dublin Murders,https://fmovies.to/film/dublin-murders.npk2m,2020-07-15,1431
Beyond the Law,https://fmovies.to/film/beyond-the-law.qnqnv,2020-07-15,1433
Never Back Down,https://fmovies.to/film/never-back-down.6vr4,2020-07-15,1434
Spyder,https://fmovies.to/film/spyder.pjy99,2020-07-15,1435
Wanted,https://fmovies.to/film/wanted.qvow,2020-07-15,1437
Kill Chain,https://fmovies.to/film/kill-chain.90j4m,2020-07-15,1438
The Old Guard,https://fmovies.to/film/the-old-guard.mv52p,2020-07-15,1440
